serial_number;model_name;category;drive_type;previous_verification_date;reconfirmed_batch_date;identity_compatible
163118080;"MS 440-Z 3/8"" RIM Magnum Motorsäge";Kettingzaag;Benzine;2026-09-26;2026-10-06;True
163118085;"MS 440-Z 3/8"" RIM Magnum Motorsäge";Kettingzaag;Benzine;2026-09-26;2026-10-06;True
163118090;"MS 440-Z 3/8"" RIM Magnum Motorsäge";Kettingzaag;Benzine;2026-09-26;2026-10-06;True
163118095;"MS 440-Z 3/8"" RIM Magnum Motorsäge";Kettingzaag;Benzine;2026-09-26;2026-10-06;True
163118100;"MS 440-Z 3/8"" RIM Magnum Motorsäge";Kettingzaag;Benzine;2026-09-26;2026-10-06;True
163118105;"MS 440-Z 3/8"" RIM Magnum Motorsäge";Kettingzaag;Benzine;2026-09-26;2026-10-06;True
163118110;"MS 440-Z 3/8"" RIM Magnum Motorsäge";Kettingzaag;Benzine;2026-09-26;2026-10-06;True
163118115;"MS 440-Z 3/8"" RIM Magnum Motorsäge";Kettingzaag;Benzine;2026-09-26;2026-10-06;True
163118120;"MS 440-Z 3/8"" RIM Magnum Motorsäge";Kettingzaag;Benzine;2026-09-26;2026-10-06;True
163118125;"MS 440-Z 3/8"" RIM Magnum Motorsäge";Kettingzaag;Benzine;2026-09-26;2026-10-06;True
163118130;"MS 440-Z 3/8"" RIM Magnum Motorsäge";Kettingzaag;Benzine;2026-09-26;2026-10-06;True
163118135;"MS 440-Z 3/8"" RIM Magnum Motorsäge";Kettingzaag;Benzine;2026-09-26;2026-10-06;True
163118140;"MS 440-Z 3/8"" RIM Magnum Motorsäge";Kettingzaag;Benzine;2026-09-26;2026-10-06;True
163118145;"MS 440-Z 3/8"" RIM Magnum Motorsäge";Kettingzaag;Benzine;2026-09-26;2026-10-06;True
163118150;"MS 440-Z 3/8"" RIM Magnum Motorsäge";Kettingzaag;Benzine;2026-09-26;2026-10-06;True
163118155;"MS 440-Z 3/8"" RIM Magnum Motorsäge";Kettingzaag;Benzine;2026-09-26;2026-10-06;True
163118160;"MS 440-Z 3/8"" RIM Magnum Motorsäge";Kettingzaag;Benzine;2026-09-26;2026-10-06;True
163118165;"MS 440-Z 3/8"" RIM Magnum Motorsäge";Kettingzaag;Benzine;2026-09-26;2026-10-06;True
163118170;"MS 440-Z 3/8"" RIM Magnum Motorsäge";Kettingzaag;Benzine;2026-09-26;2026-10-06;True
163118175;"MS 440-Z 3/8"" RIM Magnum Motorsäge";Kettingzaag;Benzine;2026-09-26;2026-10-06;True
