input_serial;lookup_outcome;raw_statuses;duplicate_input_rows;source_row_numbers;negative_identity_evidence;recheck_required
11497000;TECHNICAL_TIMEOUT;time-out;1;2102;False;True
11497500;TECHNICAL_TIMEOUT;time-out;1;2103;False;True
11498000;TECHNICAL_TIMEOUT;time-out;1;2104;False;True
11498500;TECHNICAL_TIMEOUT;time-out;1;2105;False;True
11499000;TECHNICAL_TIMEOUT;time-out;1;2106;False;True
11499500;TECHNICAL_TIMEOUT;time-out;1;2107;False;True
11500000;TECHNICAL_TIMEOUT;time-out;1;2108;False;True
11500500;TECHNICAL_TIMEOUT;time-out;1;2109;False;True
11501000;TECHNICAL_TIMEOUT;time-out;1;2110;False;True
11501500;TECHNICAL_TIMEOUT;time-out;1;2111;False;True
11502000;TECHNICAL_TIMEOUT;time-out;1;2112;False;True
11502500;TECHNICAL_TIMEOUT;time-out;1;2113;False;True
11503000;TECHNICAL_TIMEOUT;time-out;1;2114;False;True
11503500;TECHNICAL_TIMEOUT;time-out;1;2115;False;True
11504000;TECHNICAL_TIMEOUT;time-out;1;2116;False;True
11504500;TECHNICAL_TIMEOUT;time-out;1;2117;False;True
11505000;TECHNICAL_TIMEOUT;time-out;1;2118;False;True
11505500;TECHNICAL_TIMEOUT;time-out;1;2119;False;True
11506000;TECHNICAL_TIMEOUT;time-out;1;2120;False;True
11506500;TECHNICAL_TIMEOUT;time-out;1;2121;False;True
11507000;TECHNICAL_TIMEOUT;time-out;1;2122;False;True
11507500;TECHNICAL_TIMEOUT;time-out;1;2123;False;True
11508000;TECHNICAL_TIMEOUT;time-out;1;2124;False;True
11508500;TECHNICAL_TIMEOUT;time-out;1;2125;False;True
11509000;TECHNICAL_TIMEOUT;time-out;1;2126;False;True
11509500;TECHNICAL_TIMEOUT;time-out;1;2127;False;True
11510000;TECHNICAL_TIMEOUT;time-out;1;2128;False;True
11510500;TECHNICAL_TIMEOUT;time-out;1;2129;False;True
11511000;TECHNICAL_TIMEOUT;time-out;1;2130;False;True
11511500;TECHNICAL_TIMEOUT;time-out;1;2131;False;True
11512000;TECHNICAL_TIMEOUT;time-out;1;2132;False;True
11512500;TECHNICAL_TIMEOUT;time-out;1;2133;False;True
11513000;TECHNICAL_TIMEOUT;time-out;1;2134;False;True
11513500;TECHNICAL_TIMEOUT;time-out;1;2135;False;True
11514000;TECHNICAL_TIMEOUT;time-out;1;2136;False;True
11514500;TECHNICAL_TIMEOUT;time-out;1;2137;False;True
11515000;TECHNICAL_TIMEOUT;time-out;1;2138;False;True
11515500;TECHNICAL_TIMEOUT;time-out;1;2139;False;True
11516000;TECHNICAL_TIMEOUT;time-out;1;2140;False;True
11516500;TECHNICAL_TIMEOUT;time-out;1;2141;False;True
11517000;TECHNICAL_TIMEOUT;time-out;1;2142;False;True
11517500;TECHNICAL_TIMEOUT;time-out;1;2143;False;True
11518000;TECHNICAL_TIMEOUT;time-out;1;2144;False;True
11518500;TECHNICAL_TIMEOUT;time-out;1;2145;False;True
11519000;TECHNICAL_TIMEOUT;time-out;1;2146;False;True
11519500;TECHNICAL_TIMEOUT;time-out;1;2147;False;True
11520000;TECHNICAL_TIMEOUT;time-out;1;2148;False;True
11520500;TECHNICAL_TIMEOUT;time-out;1;2149;False;True
11521000;TECHNICAL_TIMEOUT;time-out;1;2150;False;True
11521500;TECHNICAL_TIMEOUT;time-out;1;2151;False;True
11522000;TECHNICAL_TIMEOUT;time-out;1;2152;False;True
11522500;TECHNICAL_TIMEOUT;time-out;1;2153;False;True
11523000;TECHNICAL_TIMEOUT;time-out;1;2154;False;True
11523500;TECHNICAL_TIMEOUT;time-out;1;2155;False;True
11524000;TECHNICAL_TIMEOUT;time-out;1;2156;False;True
11524500;TECHNICAL_TIMEOUT;time-out;1;2157;False;True
11525000;TECHNICAL_TIMEOUT;time-out;1;2158;False;True
11525500;TECHNICAL_TIMEOUT;time-out;1;2159;False;True
11526000;TECHNICAL_TIMEOUT;time-out;1;2160;False;True
11526500;TECHNICAL_TIMEOUT;time-out;1;2161;False;True
11527000;TECHNICAL_TIMEOUT;time-out;1;2162;False;True
11527500;TECHNICAL_TIMEOUT;time-out;1;2163;False;True
11528000;TECHNICAL_TIMEOUT;time-out;1;2164;False;True
11528500;TECHNICAL_TIMEOUT;time-out;1;2165;False;True
11529000;TECHNICAL_TIMEOUT;time-out;1;2166;False;True
11529500;TECHNICAL_TIMEOUT;time-out;1;2167;False;True
11530000;TECHNICAL_TIMEOUT;time-out;1;2168;False;True
11530500;TECHNICAL_TIMEOUT;time-out;1;2169;False;True
11531000;TECHNICAL_TIMEOUT;time-out;1;2170;False;True
11531500;TECHNICAL_TIMEOUT;time-out;1;2171;False;True
11532000;TECHNICAL_TIMEOUT;time-out;1;2172;False;True
11532500;TECHNICAL_TIMEOUT;time-out;1;2173;False;True
11533000;TECHNICAL_TIMEOUT;time-out;1;2174;False;True
11533500;TECHNICAL_TIMEOUT;time-out;1;2175;False;True
11534000;TECHNICAL_TIMEOUT;time-out;1;2176;False;True
11534500;TECHNICAL_TIMEOUT;time-out;1;2177;False;True
11535000;TECHNICAL_TIMEOUT;time-out;1;2178;False;True
11535500;TECHNICAL_TIMEOUT;time-out;1;2179;False;True
11536000;TECHNICAL_TIMEOUT;time-out;1;2180;False;True
11536500;TECHNICAL_TIMEOUT;time-out;1;2181;False;True
11537000;TECHNICAL_TIMEOUT;time-out;1;2182;False;True
11537500;TECHNICAL_TIMEOUT;time-out;1;2183;False;True
11538000;TECHNICAL_TIMEOUT;time-out;1;2184;False;True
11538500;TECHNICAL_TIMEOUT;time-out;1;2185;False;True
11539000;TECHNICAL_TIMEOUT;time-out;1;2186;False;True
11539500;TECHNICAL_TIMEOUT;time-out;1;2187;False;True
11540000;TECHNICAL_TIMEOUT;time-out;1;2188;False;True
11540500;TECHNICAL_TIMEOUT;time-out;1;2189;False;True
11541000;TECHNICAL_TIMEOUT;time-out;1;2190;False;True
11541500;TECHNICAL_TIMEOUT;time-out;1;2191;False;True
11542000;TECHNICAL_TIMEOUT;time-out;1;2192;False;True
11542500;TECHNICAL_TIMEOUT;time-out;1;2193;False;True
11543000;TECHNICAL_TIMEOUT;time-out;1;2194;False;True
11543500;TECHNICAL_TIMEOUT;time-out;1;2195;False;True
11544000;TECHNICAL_TIMEOUT;time-out;1;2196;False;True
11544500;TECHNICAL_TIMEOUT;time-out;1;2197;False;True
11545000;TECHNICAL_TIMEOUT;time-out;1;2198;False;True
11545500;TECHNICAL_TIMEOUT;time-out;1;2199;False;True
11546000;TECHNICAL_TIMEOUT;time-out;1;2200;False;True
11546500;TECHNICAL_TIMEOUT;time-out;1;2201;False;True
11547000;TECHNICAL_TIMEOUT;time-out;1;2202;False;True
11547500;TECHNICAL_TIMEOUT;time-out;1;2203;False;True
11548000;TECHNICAL_TIMEOUT;time-out;1;2204;False;True
11548500;TECHNICAL_TIMEOUT;time-out;1;2205;False;True
11549000;TECHNICAL_TIMEOUT;time-out;1;2206;False;True
11549500;TECHNICAL_TIMEOUT;time-out;1;2207;False;True
11550000;TECHNICAL_TIMEOUT;time-out;1;2208;False;True
11550500;TECHNICAL_TIMEOUT;time-out;1;2209;False;True
11551000;TECHNICAL_TIMEOUT;time-out;1;2210;False;True
11551500;TECHNICAL_TIMEOUT;time-out;1;2211;False;True
11552000;TECHNICAL_TIMEOUT;time-out;1;2212;False;True
11552500;TECHNICAL_TIMEOUT;time-out;1;2213;False;True
11553000;TECHNICAL_TIMEOUT;time-out;1;2214;False;True
11553500;TECHNICAL_TIMEOUT;time-out;1;2215;False;True
11554000;TECHNICAL_TIMEOUT;time-out;1;2216;False;True
11554500;TECHNICAL_TIMEOUT;time-out;1;2217;False;True
11555000;TECHNICAL_TIMEOUT;time-out;1;2218;False;True
11555500;TECHNICAL_TIMEOUT;time-out;1;2219;False;True
11556000;TECHNICAL_TIMEOUT;time-out;1;2220;False;True
11556500;TECHNICAL_TIMEOUT;time-out;1;2221;False;True
11557000;TECHNICAL_TIMEOUT;time-out;1;2222;False;True
11557500;TECHNICAL_TIMEOUT;time-out;1;2223;False;True
11558000;TECHNICAL_TIMEOUT;time-out;1;2224;False;True
11558500;TECHNICAL_TIMEOUT;time-out;1;2225;False;True
11559000;TECHNICAL_TIMEOUT;time-out;1;2226;False;True
11559500;TECHNICAL_TIMEOUT;time-out;1;2227;False;True
11560000;TECHNICAL_TIMEOUT;time-out;1;2228;False;True
11560500;TECHNICAL_TIMEOUT;time-out;1;2229;False;True
11561000;TECHNICAL_TIMEOUT;time-out;1;2230;False;True
11561500;TECHNICAL_TIMEOUT;time-out;1;2231;False;True
11562000;TECHNICAL_TIMEOUT;time-out;1;2232;False;True
11562500;TECHNICAL_TIMEOUT;time-out;1;2233;False;True
11563000;TECHNICAL_TIMEOUT;time-out;1;2234;False;True
11563500;TECHNICAL_TIMEOUT;time-out;1;2235;False;True
11564000;TECHNICAL_TIMEOUT;time-out;1;2236;False;True
11564500;TECHNICAL_TIMEOUT;time-out;1;2237;False;True
11565000;TECHNICAL_TIMEOUT;time-out;1;2238;False;True
11565500;TECHNICAL_TIMEOUT;time-out;1;2239;False;True
11566000;TECHNICAL_TIMEOUT;time-out;1;2240;False;True
11566500;TECHNICAL_TIMEOUT;time-out;1;2241;False;True
11567000;TECHNICAL_TIMEOUT;time-out;1;2242;False;True
11567500;TECHNICAL_TIMEOUT;time-out;1;2243;False;True
11568000;TECHNICAL_TIMEOUT;time-out;1;2244;False;True
11568500;TECHNICAL_TIMEOUT;time-out;1;2245;False;True
11569000;TECHNICAL_TIMEOUT;time-out;1;2246;False;True
11569500;TECHNICAL_TIMEOUT;time-out;1;2247;False;True
11570000;TECHNICAL_TIMEOUT;time-out;1;2248;False;True
11570500;TECHNICAL_TIMEOUT;time-out;1;2249;False;True
11571000;TECHNICAL_TIMEOUT;time-out;1;2250;False;True
11571500;TECHNICAL_TIMEOUT;time-out;1;2251;False;True
11572000;TECHNICAL_TIMEOUT;time-out;1;2252;False;True
11572500;TECHNICAL_TIMEOUT;time-out;1;2253;False;True
11573000;TECHNICAL_TIMEOUT;time-out;1;2254;False;True
11573500;TECHNICAL_TIMEOUT;time-out;1;2255;False;True
11574000;TECHNICAL_TIMEOUT;time-out;1;2256;False;True
11574500;TECHNICAL_TIMEOUT;time-out;1;2257;False;True
11575000;TECHNICAL_TIMEOUT;time-out;1;2258;False;True
11575500;TECHNICAL_TIMEOUT;time-out;1;2259;False;True
11576000;TECHNICAL_TIMEOUT;time-out;1;2260;False;True
11576500;TECHNICAL_TIMEOUT;time-out;1;2261;False;True
11577000;TECHNICAL_TIMEOUT;time-out;1;2262;False;True
11577500;TECHNICAL_TIMEOUT;time-out;1;2263;False;True
11578000;TECHNICAL_TIMEOUT;time-out;1;2264;False;True
11578500;TECHNICAL_TIMEOUT;time-out;1;2265;False;True
11579000;TECHNICAL_TIMEOUT;time-out;1;2266;False;True
11579500;TECHNICAL_TIMEOUT;time-out;1;2267;False;True
11580000;TECHNICAL_TIMEOUT;time-out;1;2268;False;True
11580500;TECHNICAL_TIMEOUT;time-out;1;2269;False;True
11581000;TECHNICAL_TIMEOUT;time-out;1;2270;False;True
11581500;TECHNICAL_TIMEOUT;time-out;1;2271;False;True
11582000;TECHNICAL_TIMEOUT;time-out;1;2272;False;True
11582500;TECHNICAL_TIMEOUT;time-out;1;2273;False;True
11583000;TECHNICAL_TIMEOUT;time-out;1;2274;False;True
11583500;TECHNICAL_TIMEOUT;time-out;1;2275;False;True
11584000;TECHNICAL_TIMEOUT;time-out;1;2276;False;True
11584500;TECHNICAL_TIMEOUT;time-out;1;2277;False;True
11585000;TECHNICAL_TIMEOUT;time-out;1;2278;False;True
11585500;TECHNICAL_TIMEOUT;time-out;1;2279;False;True
11586000;TECHNICAL_TIMEOUT;time-out;1;2280;False;True
11586500;TECHNICAL_TIMEOUT;time-out;1;2281;False;True
11587000;TECHNICAL_TIMEOUT;time-out;1;2282;False;True
11587500;TECHNICAL_TIMEOUT;time-out;1;2283;False;True
11588000;TECHNICAL_TIMEOUT;time-out;1;2284;False;True
11588500;TECHNICAL_TIMEOUT;time-out;1;2285;False;True
11589000;TECHNICAL_TIMEOUT;time-out;1;2286;False;True
11589500;TECHNICAL_TIMEOUT;time-out;1;2287;False;True
11590000;TECHNICAL_TIMEOUT;time-out;1;2288;False;True
11590500;TECHNICAL_TIMEOUT;time-out;1;2289;False;True
11591000;TECHNICAL_TIMEOUT;time-out;1;2290;False;True
11591500;TECHNICAL_TIMEOUT;time-out;1;2291;False;True
11592000;TECHNICAL_TIMEOUT;time-out;1;2292;False;True
11592500;TECHNICAL_TIMEOUT;time-out;1;2293;False;True
11593000;TECHNICAL_TIMEOUT;time-out;1;2294;False;True
11593500;TECHNICAL_TIMEOUT;time-out;1;2295;False;True
11594000;TECHNICAL_TIMEOUT;time-out;1;2296;False;True
11594500;TECHNICAL_TIMEOUT;time-out;1;2297;False;True
11595000;TECHNICAL_TIMEOUT;time-out;1;2298;False;True
11595500;TECHNICAL_TIMEOUT;time-out;1;2299;False;True
11596000;TECHNICAL_TIMEOUT;time-out;1;2300;False;True
11596500;TECHNICAL_TIMEOUT;time-out;1;2301;False;True
11597000;TECHNICAL_TIMEOUT;time-out;1;2302;False;True
11597500;TECHNICAL_TIMEOUT;time-out;1;2303;False;True
11598000;TECHNICAL_TIMEOUT;time-out;1;2304;False;True
11598500;TECHNICAL_TIMEOUT;time-out;1;2305;False;True
11599000;TECHNICAL_TIMEOUT;time-out;1;2306;False;True
11599500;TECHNICAL_TIMEOUT;time-out;1;2307;False;True
11600000;TECHNICAL_TIMEOUT;time-out;1;2308;False;True
11600500;TECHNICAL_TIMEOUT;time-out;1;2309;False;True
11601000;TECHNICAL_TIMEOUT;time-out;1;2310;False;True
11601500;TECHNICAL_TIMEOUT;time-out;1;2311;False;True
11602000;TECHNICAL_TIMEOUT;time-out;1;2312;False;True
11602500;TECHNICAL_TIMEOUT;time-out;1;2313;False;True
11603000;TECHNICAL_TIMEOUT;time-out;1;2314;False;True
11603500;TECHNICAL_TIMEOUT;time-out;1;2315;False;True
11604000;TECHNICAL_TIMEOUT;time-out;1;2316;False;True
11604500;TECHNICAL_TIMEOUT;time-out;1;2317;False;True
11605000;TECHNICAL_TIMEOUT;time-out;1;2318;False;True
11605500;TECHNICAL_TIMEOUT;time-out;1;2319;False;True
11606000;TECHNICAL_TIMEOUT;time-out;1;2320;False;True
11606500;TECHNICAL_TIMEOUT;time-out;1;2321;False;True
11607000;TECHNICAL_TIMEOUT;time-out;1;2322;False;True
11607500;TECHNICAL_TIMEOUT;time-out;1;2323;False;True
11608000;TECHNICAL_TIMEOUT;time-out;1;2324;False;True
11608500;TECHNICAL_TIMEOUT;time-out;1;2325;False;True
11609000;TECHNICAL_TIMEOUT;time-out;1;2326;False;True
11609500;TECHNICAL_TIMEOUT;time-out;1;2327;False;True
11610000;TECHNICAL_TIMEOUT;time-out;1;2328;False;True
11610500;TECHNICAL_TIMEOUT;time-out;1;2329;False;True
11611000;TECHNICAL_TIMEOUT;time-out;1;2330;False;True
11611500;TECHNICAL_TIMEOUT;time-out;1;2331;False;True
11612000;TECHNICAL_TIMEOUT;time-out;1;2332;False;True
11612500;TECHNICAL_TIMEOUT;time-out;1;2333;False;True
11613000;TECHNICAL_TIMEOUT;time-out;1;2334;False;True
11613500;TECHNICAL_TIMEOUT;time-out;1;2335;False;True
11614000;TECHNICAL_TIMEOUT;time-out;1;2336;False;True
11614500;TECHNICAL_TIMEOUT;time-out;1;2337;False;True
11615000;TECHNICAL_TIMEOUT;time-out;1;2338;False;True
11615500;TECHNICAL_TIMEOUT;time-out;1;2339;False;True
11616000;TECHNICAL_TIMEOUT;time-out;1;2340;False;True
11616500;TECHNICAL_TIMEOUT;time-out;1;2341;False;True
11617000;TECHNICAL_TIMEOUT;time-out;1;2342;False;True
11617500;TECHNICAL_TIMEOUT;time-out;1;2343;False;True
11618000;TECHNICAL_TIMEOUT;time-out;1;2344;False;True
11618500;TECHNICAL_TIMEOUT;time-out;1;2345;False;True
11619000;TECHNICAL_TIMEOUT;time-out;1;2346;False;True
11619500;TECHNICAL_TIMEOUT;time-out;1;2347;False;True
11620000;TECHNICAL_TIMEOUT;time-out;1;2348;False;True
11620500;TECHNICAL_TIMEOUT;time-out;1;2349;False;True
11621000;TECHNICAL_TIMEOUT;time-out;1;2350;False;True
11621500;TECHNICAL_TIMEOUT;time-out;1;2351;False;True
11622000;TECHNICAL_TIMEOUT;time-out;1;2352;False;True
11622500;TECHNICAL_TIMEOUT;time-out;1;2353;False;True
11623000;TECHNICAL_TIMEOUT;time-out;1;2354;False;True
11623500;TECHNICAL_TIMEOUT;time-out;1;2355;False;True
11624000;TECHNICAL_TIMEOUT;time-out;1;2356;False;True
11624500;TECHNICAL_TIMEOUT;time-out;1;2357;False;True
11625000;TECHNICAL_TIMEOUT;time-out;1;2358;False;True
11625500;TECHNICAL_TIMEOUT;time-out;1;2359;False;True
11626000;TECHNICAL_TIMEOUT;time-out;1;2360;False;True
11626500;TECHNICAL_TIMEOUT;time-out;1;2361;False;True
11627000;TECHNICAL_TIMEOUT;time-out;1;2362;False;True
11627500;TECHNICAL_TIMEOUT;time-out;1;2363;False;True
11628000;TECHNICAL_TIMEOUT;time-out;1;2364;False;True
11628500;TECHNICAL_TIMEOUT;time-out;1;2365;False;True
11629000;TECHNICAL_TIMEOUT;time-out;1;2366;False;True
11629500;TECHNICAL_TIMEOUT;time-out;1;2367;False;True
11630000;TECHNICAL_TIMEOUT;time-out;1;2368;False;True
11630500;TECHNICAL_TIMEOUT;time-out;1;2369;False;True
11631000;TECHNICAL_TIMEOUT;time-out;1;2370;False;True
11631500;TECHNICAL_TIMEOUT;time-out;1;2371;False;True
11632000;TECHNICAL_TIMEOUT;time-out;1;2372;False;True
11632500;TECHNICAL_TIMEOUT;time-out;1;2373;False;True
11633000;TECHNICAL_TIMEOUT;time-out;1;2374;False;True
11633500;TECHNICAL_TIMEOUT;time-out;1;2375;False;True
11634000;TECHNICAL_TIMEOUT;time-out;1;2376;False;True
11634500;TECHNICAL_TIMEOUT;time-out;1;2377;False;True
11635000;TECHNICAL_TIMEOUT;time-out;1;2378;False;True
11635500;TECHNICAL_TIMEOUT;time-out;1;2379;False;True
11636000;TECHNICAL_TIMEOUT;time-out;1;2380;False;True
11636500;TECHNICAL_TIMEOUT;time-out;1;2381;False;True
11637000;TECHNICAL_TIMEOUT;time-out;1;2382;False;True
11637500;TECHNICAL_TIMEOUT;time-out;1;2383;False;True
11638000;TECHNICAL_TIMEOUT;time-out;1;2384;False;True
11638500;TECHNICAL_TIMEOUT;time-out;1;2385;False;True
11639000;TECHNICAL_TIMEOUT;time-out;1;2386;False;True
11639500;TECHNICAL_TIMEOUT;time-out;1;2387;False;True
11640000;TECHNICAL_TIMEOUT;time-out;1;2388;False;True
11640500;TECHNICAL_TIMEOUT;time-out;1;2389;False;True
11641000;TECHNICAL_TIMEOUT;time-out;1;2390;False;True
11641500;TECHNICAL_TIMEOUT;time-out;1;2391;False;True
11642000;TECHNICAL_TIMEOUT;time-out;1;2392;False;True
11642500;TECHNICAL_TIMEOUT;time-out;1;2393;False;True
11643000;TECHNICAL_TIMEOUT;time-out;1;2394;False;True
11643500;TECHNICAL_TIMEOUT;time-out;1;2395;False;True
11644000;TECHNICAL_TIMEOUT;time-out;1;2396;False;True
11644500;TECHNICAL_TIMEOUT;time-out;1;2397;False;True
11645000;TECHNICAL_TIMEOUT;time-out;1;2398;False;True
11645500;TECHNICAL_TIMEOUT;time-out;1;2399;False;True
11646000;TECHNICAL_TIMEOUT;time-out;1;2400;False;True
11646500;TECHNICAL_TIMEOUT;time-out;1;2401;False;True
11647000;TECHNICAL_TIMEOUT;time-out;1;2402;False;True
11647500;TECHNICAL_TIMEOUT;time-out;1;2403;False;True
11648000;TECHNICAL_TIMEOUT;time-out;1;2404;False;True
11648500;TECHNICAL_TIMEOUT;time-out;1;2405;False;True
11649000;TECHNICAL_TIMEOUT;time-out;1;2406;False;True
11649500;TECHNICAL_TIMEOUT;time-out;1;2407;False;True
11650000;TECHNICAL_TIMEOUT;time-out;1;2408;False;True
11650500;TECHNICAL_TIMEOUT;time-out;1;2409;False;True
11651000;TECHNICAL_TIMEOUT;time-out;1;2410;False;True
11651500;TECHNICAL_TIMEOUT;time-out;1;2411;False;True
11652000;TECHNICAL_TIMEOUT;time-out;1;2412;False;True
11652500;TECHNICAL_TIMEOUT;time-out;1;2413;False;True
11653000;TECHNICAL_TIMEOUT;time-out;1;2414;False;True
11653500;TECHNICAL_TIMEOUT;time-out;1;2415;False;True
11654000;TECHNICAL_TIMEOUT;time-out;1;2416;False;True
11654500;TECHNICAL_TIMEOUT;time-out;1;2417;False;True
11655000;TECHNICAL_TIMEOUT;time-out;1;2418;False;True
11655500;TECHNICAL_TIMEOUT;time-out;1;2419;False;True
11656000;TECHNICAL_TIMEOUT;time-out;1;2420;False;True
11656500;TECHNICAL_TIMEOUT;time-out;1;2421;False;True
11657000;TECHNICAL_TIMEOUT;time-out;1;2422;False;True
11657500;TECHNICAL_TIMEOUT;time-out;1;2423;False;True
11658000;TECHNICAL_TIMEOUT;time-out;1;2424;False;True
11658500;TECHNICAL_TIMEOUT;time-out;1;2425;False;True
11659000;TECHNICAL_TIMEOUT;time-out;1;2426;False;True
11659500;TECHNICAL_TIMEOUT;time-out;1;2427;False;True
11660000;TECHNICAL_TIMEOUT;time-out;1;2428;False;True
11660500;TECHNICAL_TIMEOUT;time-out;1;2429;False;True
11661000;TECHNICAL_TIMEOUT;time-out;1;2430;False;True
11661500;TECHNICAL_TIMEOUT;time-out;1;2431;False;True
11662000;TECHNICAL_TIMEOUT;time-out;1;2432;False;True
11662500;TECHNICAL_TIMEOUT;time-out;1;2433;False;True
11663000;TECHNICAL_TIMEOUT;time-out;1;2434;False;True
11663500;TECHNICAL_TIMEOUT;time-out;1;2435;False;True
11664000;TECHNICAL_TIMEOUT;time-out;1;2436;False;True
11664500;TECHNICAL_TIMEOUT;time-out;1;2437;False;True
11665000;TECHNICAL_TIMEOUT;time-out;1;2438;False;True
11665500;TECHNICAL_TIMEOUT;time-out;1;2439;False;True
11666000;TECHNICAL_TIMEOUT;time-out;1;2440;False;True
11666500;TECHNICAL_TIMEOUT;time-out;1;2441;False;True
11667000;TECHNICAL_TIMEOUT;time-out;1;2442;False;True
11667500;TECHNICAL_TIMEOUT;time-out;1;2443;False;True
11668000;TECHNICAL_TIMEOUT;time-out;1;2444;False;True
11668500;TECHNICAL_TIMEOUT;time-out;1;2445;False;True
11669000;TECHNICAL_TIMEOUT;time-out;1;2446;False;True
11669500;TECHNICAL_TIMEOUT;time-out;1;2447;False;True
11670000;TECHNICAL_TIMEOUT;time-out;1;2448;False;True
11670500;TECHNICAL_TIMEOUT;time-out;1;2449;False;True
11671000;TECHNICAL_TIMEOUT;time-out;1;2450;False;True
11671500;TECHNICAL_TIMEOUT;time-out;1;2451;False;True
11672000;TECHNICAL_TIMEOUT;time-out;1;2452;False;True
11672500;TECHNICAL_TIMEOUT;time-out;1;2453;False;True
11673000;TECHNICAL_TIMEOUT;time-out;1;2454;False;True
11673500;TECHNICAL_TIMEOUT;time-out;1;2455;False;True
11674000;TECHNICAL_TIMEOUT;time-out;1;2456;False;True
11674500;TECHNICAL_TIMEOUT;time-out;1;2457;False;True
11675000;TECHNICAL_TIMEOUT;time-out;1;2458;False;True
11675500;TECHNICAL_TIMEOUT;time-out;1;2459;False;True
11676000;TECHNICAL_TIMEOUT;time-out;1;2460;False;True
11676500;TECHNICAL_TIMEOUT;time-out;1;2461;False;True
11677000;TECHNICAL_TIMEOUT;time-out;1;2462;False;True
11677500;TECHNICAL_TIMEOUT;time-out;1;2463;False;True
11678000;TECHNICAL_TIMEOUT;time-out;1;2464;False;True
11678500;TECHNICAL_TIMEOUT;time-out;1;2465;False;True
11679000;TECHNICAL_TIMEOUT;time-out;1;2466;False;True
11679500;TECHNICAL_TIMEOUT;time-out;1;2467;False;True
11680000;TECHNICAL_TIMEOUT;time-out;1;2468;False;True
11680500;TECHNICAL_TIMEOUT;time-out;1;2469;False;True
11681000;TECHNICAL_TIMEOUT;time-out;1;2470;False;True
11681500;TECHNICAL_TIMEOUT;time-out;1;2471;False;True
11682000;TECHNICAL_TIMEOUT;time-out;1;2472;False;True
11682500;TECHNICAL_TIMEOUT;time-out;1;2473;False;True
11683000;TECHNICAL_TIMEOUT;time-out;1;2474;False;True
11683500;TECHNICAL_TIMEOUT;time-out;1;2475;False;True
11684000;TECHNICAL_TIMEOUT;time-out;1;2476;False;True
11684500;TECHNICAL_TIMEOUT;time-out;1;2477;False;True
11685000;TECHNICAL_TIMEOUT;time-out;1;2478;False;True
11685500;TECHNICAL_TIMEOUT;time-out;1;2479;False;True
11686000;TECHNICAL_TIMEOUT;time-out;1;2480;False;True
11686500;TECHNICAL_TIMEOUT;time-out;1;2481;False;True
11687000;TECHNICAL_TIMEOUT;time-out;1;2482;False;True
11687500;TECHNICAL_TIMEOUT;time-out;1;2483;False;True
11688000;TECHNICAL_TIMEOUT;time-out;1;2484;False;True
11688500;TECHNICAL_TIMEOUT;time-out;1;2485;False;True
11689000;TECHNICAL_TIMEOUT;time-out;1;2486;False;True
11689500;TECHNICAL_TIMEOUT;time-out;1;2487;False;True
11690000;TECHNICAL_TIMEOUT;time-out;1;2488;False;True
11690500;TECHNICAL_TIMEOUT;time-out;1;2489;False;True
11691000;TECHNICAL_TIMEOUT;time-out;1;2490;False;True
11691500;TECHNICAL_TIMEOUT;time-out;1;2491;False;True
11692000;TECHNICAL_TIMEOUT;time-out;1;2492;False;True
11692500;TECHNICAL_TIMEOUT;time-out;1;2493;False;True
11693000;TECHNICAL_TIMEOUT;time-out;1;2494;False;True
11693500;TECHNICAL_TIMEOUT;time-out;1;2495;False;True
11694000;TECHNICAL_TIMEOUT;time-out;1;2496;False;True
11694500;TECHNICAL_TIMEOUT;time-out;1;2497;False;True
11695000;TECHNICAL_TIMEOUT;time-out;1;2498;False;True
11695500;TECHNICAL_TIMEOUT;time-out;1;2499;False;True
11696000;TECHNICAL_TIMEOUT;time-out;1;2500;False;True
11696500;TECHNICAL_TIMEOUT;time-out;1;2501;False;True
11697000;TECHNICAL_TIMEOUT;time-out;1;2502;False;True
11697500;TECHNICAL_TIMEOUT;time-out;1;2503;False;True
11698000;TECHNICAL_TIMEOUT;time-out;1;2504;False;True
11698500;TECHNICAL_TIMEOUT;time-out;1;2505;False;True
11699000;TECHNICAL_TIMEOUT;time-out;1;2506;False;True
11699500;TECHNICAL_TIMEOUT;time-out;1;2507;False;True
11700000;TECHNICAL_TIMEOUT;time-out;1;2508;False;True
11700500;TECHNICAL_TIMEOUT;time-out;1;2509;False;True
11701000;TECHNICAL_TIMEOUT;time-out;1;2510;False;True
11701500;TECHNICAL_TIMEOUT;time-out;1;2511;False;True
11702000;TECHNICAL_TIMEOUT;time-out;1;2512;False;True
11702500;TECHNICAL_TIMEOUT;time-out;1;2513;False;True
11703000;TECHNICAL_TIMEOUT;time-out;1;2514;False;True
11703500;TECHNICAL_TIMEOUT;time-out;1;2515;False;True
11704000;TECHNICAL_TIMEOUT;time-out;1;2516;False;True
11704500;TECHNICAL_TIMEOUT;time-out;1;2517;False;True
11705000;TECHNICAL_TIMEOUT;time-out;1;2518;False;True
11705500;TECHNICAL_TIMEOUT;time-out;1;2519;False;True
11706000;TECHNICAL_TIMEOUT;time-out;1;2520;False;True
11706500;TECHNICAL_TIMEOUT;time-out;1;2521;False;True
11707000;TECHNICAL_TIMEOUT;time-out;1;2522;False;True
11707500;TECHNICAL_TIMEOUT;time-out;1;2523;False;True
11708000;TECHNICAL_TIMEOUT;time-out;1;2524;False;True
11708500;TECHNICAL_TIMEOUT;time-out;1;2525;False;True
11709000;TECHNICAL_TIMEOUT;time-out;1;2526;False;True
11709500;TECHNICAL_TIMEOUT;time-out;1;2527;False;True
11710000;TECHNICAL_TIMEOUT;time-out;1;2528;False;True
11710500;TECHNICAL_TIMEOUT;time-out;1;2529;False;True
11711000;TECHNICAL_TIMEOUT;time-out;1;2530;False;True
11711500;TECHNICAL_TIMEOUT;time-out;1;2531;False;True
11712000;TECHNICAL_TIMEOUT;time-out;1;2532;False;True
11712500;TECHNICAL_TIMEOUT;time-out;1;2533;False;True
11713000;TECHNICAL_TIMEOUT;time-out;1;2534;False;True
11713500;TECHNICAL_TIMEOUT;time-out;1;2535;False;True
11714000;TECHNICAL_TIMEOUT;time-out;1;2536;False;True
11714500;TECHNICAL_TIMEOUT;time-out;1;2537;False;True
11715000;TECHNICAL_TIMEOUT;time-out;1;2538;False;True
11715500;TECHNICAL_TIMEOUT;time-out;1;2539;False;True
11716000;TECHNICAL_TIMEOUT;time-out;1;2540;False;True
11716500;TECHNICAL_TIMEOUT;time-out;1;2541;False;True
11717000;TECHNICAL_TIMEOUT;time-out;1;2542;False;True
11717500;TECHNICAL_TIMEOUT;time-out;1;2543;False;True
11718000;TECHNICAL_TIMEOUT;time-out;1;2544;False;True
11718500;TECHNICAL_TIMEOUT;time-out;1;2545;False;True
11719000;TECHNICAL_TIMEOUT;time-out;1;2546;False;True
11719500;TECHNICAL_TIMEOUT;time-out;1;2547;False;True
11720000;TECHNICAL_TIMEOUT;time-out;1;2548;False;True
11720500;TECHNICAL_TIMEOUT;time-out;1;2549;False;True
11721000;TECHNICAL_TIMEOUT;time-out;1;2550;False;True
11721500;TECHNICAL_TIMEOUT;time-out;1;2551;False;True
11722000;TECHNICAL_TIMEOUT;time-out;1;2552;False;True
11722500;TECHNICAL_TIMEOUT;time-out;1;2553;False;True
11723000;TECHNICAL_TIMEOUT;time-out;1;2554;False;True
11723500;TECHNICAL_TIMEOUT;time-out;1;2555;False;True
11724000;TECHNICAL_TIMEOUT;time-out;1;2556;False;True
11724500;TECHNICAL_TIMEOUT;time-out;1;2557;False;True
11725000;TECHNICAL_TIMEOUT;time-out;1;2558;False;True
11725500;TECHNICAL_TIMEOUT;time-out;1;2559;False;True
11726000;TECHNICAL_TIMEOUT;time-out;1;2560;False;True
11726500;TECHNICAL_TIMEOUT;time-out;1;2561;False;True
11727000;TECHNICAL_TIMEOUT;time-out;1;2562;False;True
11727500;TECHNICAL_TIMEOUT;time-out;1;2563;False;True
11728000;TECHNICAL_TIMEOUT;time-out;1;2564;False;True
11728500;TECHNICAL_TIMEOUT;time-out;1;2565;False;True
11729000;TECHNICAL_TIMEOUT;time-out;1;2566;False;True
11729500;TECHNICAL_TIMEOUT;time-out;1;2567;False;True
11730000;TECHNICAL_TIMEOUT;time-out;1;2568;False;True
11730500;TECHNICAL_TIMEOUT;time-out;1;2569;False;True
11731000;TECHNICAL_TIMEOUT;time-out;1;2570;False;True
11731500;TECHNICAL_TIMEOUT;time-out;1;2571;False;True
11732000;TECHNICAL_TIMEOUT;time-out;1;2572;False;True
11732500;TECHNICAL_TIMEOUT;time-out;1;2573;False;True
11733000;TECHNICAL_TIMEOUT;time-out;1;2574;False;True
11733500;TECHNICAL_TIMEOUT;time-out;1;2575;False;True
11734000;TECHNICAL_TIMEOUT;time-out;1;2576;False;True
11734500;TECHNICAL_TIMEOUT;time-out;1;2577;False;True
11735000;TECHNICAL_TIMEOUT;time-out;1;2578;False;True
11735500;TECHNICAL_TIMEOUT;time-out;1;2579;False;True
11736000;TECHNICAL_TIMEOUT;time-out;1;2580;False;True
11736500;TECHNICAL_TIMEOUT;time-out;1;2581;False;True
11737000;TECHNICAL_TIMEOUT;time-out;1;2582;False;True
11737500;TECHNICAL_TIMEOUT;time-out;1;2583;False;True
11738000;TECHNICAL_TIMEOUT;time-out;1;2584;False;True
11738500;TECHNICAL_TIMEOUT;time-out;1;2585;False;True
11739000;TECHNICAL_TIMEOUT;time-out;1;2586;False;True
11739500;TECHNICAL_TIMEOUT;time-out;1;2587;False;True
11740000;TECHNICAL_TIMEOUT;time-out;1;2588;False;True
11740500;TECHNICAL_TIMEOUT;time-out;1;2589;False;True
11741000;TECHNICAL_TIMEOUT;time-out;1;2590;False;True
11741500;TECHNICAL_TIMEOUT;time-out;1;2591;False;True
11742000;TECHNICAL_TIMEOUT;time-out;1;2592;False;True
11742500;TECHNICAL_TIMEOUT;time-out;1;2593;False;True
11743000;TECHNICAL_TIMEOUT;time-out;1;2594;False;True
11743500;TECHNICAL_TIMEOUT;time-out;1;2595;False;True
11744000;TECHNICAL_TIMEOUT;time-out;1;2596;False;True
11744500;TECHNICAL_TIMEOUT;time-out;1;2597;False;True
11745000;TECHNICAL_TIMEOUT;time-out;1;2598;False;True
11745500;TECHNICAL_TIMEOUT;time-out;1;2599;False;True
11746000;TECHNICAL_TIMEOUT;time-out;1;2600;False;True
11746500;TECHNICAL_TIMEOUT;time-out;1;2601;False;True
117465000;TECHNICAL_TIMEOUT;time-out;1;2602;False;True
117470000;TECHNICAL_TIMEOUT;time-out;1;2603;False;True
117475000;TECHNICAL_TIMEOUT;time-out;1;2604;False;True
117480000;TECHNICAL_TIMEOUT;time-out;1;2605;False;True
117485000;TECHNICAL_TIMEOUT;time-out;1;2606;False;True
117490000;TECHNICAL_TIMEOUT;time-out;1;2607;False;True
117495000;TECHNICAL_TIMEOUT;time-out;1;2608;False;True
117500000;TECHNICAL_TIMEOUT;time-out;1;2609;False;True
117505000;TECHNICAL_TIMEOUT;time-out;1;2610;False;True
163118560;TECHNICAL_TIMEOUT;time-out;1;2707;False;True
163119570;TECHNICAL_TIMEOUT;time-out;1;2909;False;True
163119575;TECHNICAL_TIMEOUT;time-out;1;2910;False;True
163119580;TECHNICAL_TIMEOUT;time-out;1;2911;False;True
163119585;TECHNICAL_TIMEOUT;time-out;1;2912;False;True
163119590;TECHNICAL_TIMEOUT;time-out;1;2913;False;True
163119595;TECHNICAL_TIMEOUT;time-out;1;2914;False;True
163119600;TECHNICAL_TIMEOUT;time-out;1;2915;False;True
163119605;TECHNICAL_TIMEOUT;time-out;1;2916;False;True
163119610;TECHNICAL_TIMEOUT;time-out;1;2917;False;True
163119615;TECHNICAL_TIMEOUT;time-out;1;2918;False;True
163119620;TECHNICAL_TIMEOUT;time-out;1;2919;False;True
163119625;TECHNICAL_TIMEOUT;time-out;1;2920;False;True
163119630;TECHNICAL_TIMEOUT;time-out;1;2921;False;True
163119635;TECHNICAL_TIMEOUT;time-out;1;2922;False;True
163119640;TECHNICAL_TIMEOUT;time-out;1;2923;False;True
163119645;TECHNICAL_TIMEOUT;time-out;1;2924;False;True
163119650;TECHNICAL_TIMEOUT;time-out;1;2925;False;True
163119655;TECHNICAL_TIMEOUT;time-out;1;2926;False;True
163119660;TECHNICAL_TIMEOUT;time-out;1;2927;False;True
163119665;TECHNICAL_TIMEOUT;time-out;1;2928;False;True
163119670;TECHNICAL_TIMEOUT;time-out;1;2929;False;True
163119675;TECHNICAL_TIMEOUT;time-out;1;2930;False;True
163119680;TECHNICAL_TIMEOUT;time-out;1;2931;False;True
163119685;TECHNICAL_TIMEOUT;time-out;1;2932;False;True
163119690;TECHNICAL_TIMEOUT;time-out;1;2933;False;True
163119695;TECHNICAL_TIMEOUT;time-out;1;2934;False;True
163119700;TECHNICAL_TIMEOUT;time-out;1;2935;False;True
163119705;TECHNICAL_TIMEOUT;time-out;1;2936;False;True
163119710;TECHNICAL_TIMEOUT;time-out;1;2937;False;True
163119715;TECHNICAL_TIMEOUT;time-out;1;2938;False;True
163119720;TECHNICAL_TIMEOUT;time-out;1;2939;False;True
163119725;TECHNICAL_TIMEOUT;time-out;1;2940;False;True
163119730;TECHNICAL_TIMEOUT;time-out;1;2941;False;True
163119735;TECHNICAL_TIMEOUT;time-out;1;2942;False;True
163119740;TECHNICAL_TIMEOUT;time-out;1;2943;False;True
163119745;TECHNICAL_TIMEOUT;time-out;1;2944;False;True
163119750;TECHNICAL_TIMEOUT;time-out;1;2945;False;True
163119755;TECHNICAL_TIMEOUT;time-out;1;2946;False;True
163119760;TECHNICAL_TIMEOUT;time-out;1;2947;False;True
163119765;TECHNICAL_TIMEOUT;time-out;1;2948;False;True
163119770;TECHNICAL_TIMEOUT;time-out;1;2949;False;True
163119775;TECHNICAL_TIMEOUT;time-out;1;2950;False;True
163119780;TECHNICAL_TIMEOUT;time-out;1;2951;False;True
163119785;TECHNICAL_TIMEOUT;time-out;1;2952;False;True
163119790;TECHNICAL_TIMEOUT;time-out;1;2953;False;True
163119795;TECHNICAL_TIMEOUT;time-out;1;2954;False;True
163119800;TECHNICAL_TIMEOUT;time-out;1;2955;False;True
163119805;TECHNICAL_TIMEOUT;time-out;1;2956;False;True
163119810;TECHNICAL_TIMEOUT;time-out;1;2957;False;True
163119815;TECHNICAL_TIMEOUT;time-out;1;2958;False;True
163119820;TECHNICAL_TIMEOUT;time-out;1;2959;False;True
163119825;TECHNICAL_TIMEOUT;time-out;1;2960;False;True
163119830;TECHNICAL_TIMEOUT;time-out;1;2961;False;True
163119835;TECHNICAL_TIMEOUT;time-out;1;2962;False;True
163119840;TECHNICAL_TIMEOUT;time-out;1;2963;False;True
163119845;TECHNICAL_TIMEOUT;time-out;1;2964;False;True
163119850;TECHNICAL_TIMEOUT;time-out;1;2965;False;True
163119855;TECHNICAL_TIMEOUT;time-out;1;2966;False;True
163119860;TECHNICAL_TIMEOUT;time-out;1;2967;False;True
163119865;TECHNICAL_TIMEOUT;time-out;1;2968;False;True
163119870;TECHNICAL_TIMEOUT;time-out;1;2969;False;True
163119875;TECHNICAL_TIMEOUT;time-out;1;2970;False;True
163119880;TECHNICAL_TIMEOUT;time-out;1;2971;False;True
163119885;TECHNICAL_TIMEOUT;time-out;1;2972;False;True
163119890;TECHNICAL_TIMEOUT;time-out;1;2973;False;True
163119895;TECHNICAL_TIMEOUT;time-out;1;2974;False;True
163119900;TECHNICAL_TIMEOUT;time-out;1;2975;False;True
163119905;TECHNICAL_TIMEOUT;time-out;1;2976;False;True
163119910;TECHNICAL_TIMEOUT;time-out;1;2977;False;True
163119915;TECHNICAL_TIMEOUT;time-out;1;2978;False;True
163119920;TECHNICAL_TIMEOUT;time-out;1;2979;False;True
163119925;TECHNICAL_TIMEOUT;time-out;1;2980;False;True
163119930;TECHNICAL_TIMEOUT;time-out;1;2981;False;True
163119935;TECHNICAL_TIMEOUT;time-out;1;2982;False;True
163119940;TECHNICAL_TIMEOUT;time-out;1;2983;False;True
163119945;TECHNICAL_TIMEOUT;time-out;1;2984;False;True
163119950;TECHNICAL_TIMEOUT;time-out;1;2985;False;True
163119955;TECHNICAL_TIMEOUT;time-out;1;2986;False;True
163119960;TECHNICAL_TIMEOUT;time-out;1;2987;False;True
163119965;TECHNICAL_TIMEOUT;time-out;1;2988;False;True
163119970;TECHNICAL_TIMEOUT;time-out;1;2989;False;True
163119975;TECHNICAL_TIMEOUT;time-out;1;2990;False;True
163119980;TECHNICAL_TIMEOUT;time-out;1;2991;False;True
163119985;TECHNICAL_TIMEOUT;time-out;1;2992;False;True
163119990;TECHNICAL_TIMEOUT;time-out;1;2993;False;True
163119995;TECHNICAL_TIMEOUT;time-out;1;2994;False;True
163120000;TECHNICAL_TIMEOUT;time-out;1;2995;False;True
163120005;TECHNICAL_TIMEOUT;time-out;1;2996;False;True
163120010;TECHNICAL_TIMEOUT;time-out;1;2997;False;True
163120015;TECHNICAL_TIMEOUT;time-out;1;2998;False;True
163120020;TECHNICAL_TIMEOUT;time-out;1;2999;False;True
163120025;TECHNICAL_TIMEOUT;time-out;1;3000;False;True
163120030;TECHNICAL_TIMEOUT;time-out;1;3001;False;True
163120035;TECHNICAL_TIMEOUT;time-out;1;3002;False;True
163120040;TECHNICAL_TIMEOUT;time-out;1;3003;False;True
163120045;TECHNICAL_TIMEOUT;time-out;1;3004;False;True
163120050;TECHNICAL_TIMEOUT;time-out;1;3005;False;True
163120055;TECHNICAL_TIMEOUT;time-out;1;3006;False;True
163120060;TECHNICAL_TIMEOUT;time-out;1;3007;False;True
163120065;TECHNICAL_TIMEOUT;time-out;1;3008;False;True
163120070;TECHNICAL_TIMEOUT;time-out;1;3009;False;True
163120075;TECHNICAL_TIMEOUT;time-out;1;3010;False;True
163120080;TECHNICAL_TIMEOUT;time-out;1;3011;False;True
163120085;TECHNICAL_TIMEOUT;time-out;1;3012;False;True
163120090;TECHNICAL_TIMEOUT;time-out;1;3013;False;True
163120095;TECHNICAL_TIMEOUT;time-out;1;3014;False;True
163120100;TECHNICAL_TIMEOUT;time-out;1;3015;False;True
163120105;TECHNICAL_TIMEOUT;time-out;1;3016;False;True
163120110;TECHNICAL_TIMEOUT;time-out;1;3017;False;True
163120115;TECHNICAL_TIMEOUT;time-out;1;3018;False;True
163120120;TECHNICAL_TIMEOUT;time-out;1;3019;False;True
163120125;TECHNICAL_TIMEOUT;time-out;1;3020;False;True
163120130;TECHNICAL_TIMEOUT;time-out;1;3021;False;True
163120135;TECHNICAL_TIMEOUT;time-out;1;3022;False;True
163120140;TECHNICAL_TIMEOUT;time-out;1;3023;False;True
163120145;TECHNICAL_TIMEOUT;time-out;1;3024;False;True
163120150;TECHNICAL_TIMEOUT;time-out;1;3025;False;True
163120155;TECHNICAL_TIMEOUT;time-out;1;3026;False;True
163120160;TECHNICAL_TIMEOUT;time-out;1;3027;False;True
163120165;TECHNICAL_TIMEOUT;time-out;1;3028;False;True
163120170;TECHNICAL_TIMEOUT;time-out;1;3029;False;True
163120175;TECHNICAL_TIMEOUT;time-out;1;3030;False;True
163120180;TECHNICAL_TIMEOUT;time-out;1;3031;False;True
163120185;TECHNICAL_TIMEOUT;time-out;1;3032;False;True
163120190;TECHNICAL_TIMEOUT;time-out;1;3033;False;True
163120195;TECHNICAL_TIMEOUT;time-out;1;3034;False;True
163120200;TECHNICAL_TIMEOUT;time-out;1;3035;False;True
163120205;TECHNICAL_TIMEOUT;time-out;1;3036;False;True
163120210;TECHNICAL_TIMEOUT;time-out;1;3037;False;True
163120215;TECHNICAL_TIMEOUT;time-out;1;3038;False;True
163120220;TECHNICAL_TIMEOUT;time-out;1;3039;False;True
163120225;TECHNICAL_TIMEOUT;time-out;1;3040;False;True
163120230;TECHNICAL_TIMEOUT;time-out;1;3041;False;True
163120235;TECHNICAL_TIMEOUT;time-out;1;3042;False;True
163120240;TECHNICAL_TIMEOUT;time-out;1;3043;False;True
163122890;TECHNICAL_TIMEOUT;time-out;1;3574;False;True
163122895;TECHNICAL_TIMEOUT;time-out;1;3575;False;True
163122900;TECHNICAL_TIMEOUT;time-out;1;3576;False;True
163122905;TECHNICAL_TIMEOUT;time-out;1;3577;False;True
163122910;TECHNICAL_TIMEOUT;time-out;1;3578;False;True
163122915;TECHNICAL_TIMEOUT;time-out;1;3579;False;True
163122920;TECHNICAL_TIMEOUT;time-out;1;3580;False;True
163122925;TECHNICAL_TIMEOUT;time-out;1;3581;False;True
163122930;TECHNICAL_TIMEOUT;time-out;1;3582;False;True
163122935;TECHNICAL_TIMEOUT;time-out;1;3583;False;True
163122940;TECHNICAL_TIMEOUT;time-out;1;3584;False;True
163122945;TECHNICAL_TIMEOUT;time-out;1;3585;False;True
163122950;TECHNICAL_TIMEOUT;time-out;1;3586;False;True
163122955;TECHNICAL_TIMEOUT;time-out;1;3587;False;True
163122960;TECHNICAL_TIMEOUT;time-out;1;3588;False;True
163122965;TECHNICAL_TIMEOUT;time-out;1;3589;False;True
163122970;TECHNICAL_TIMEOUT;time-out;1;3590;False;True
163122975;TECHNICAL_TIMEOUT;time-out;1;3591;False;True
163122980;TECHNICAL_TIMEOUT;time-out;1;3592;False;True
163122985;TECHNICAL_TIMEOUT;time-out;1;3593;False;True
163122990;TECHNICAL_TIMEOUT;time-out;1;3594;False;True
163122995;TECHNICAL_TIMEOUT;time-out;1;3595;False;True
163123000;TECHNICAL_TIMEOUT;time-out;1;3596;False;True
163123005;TECHNICAL_TIMEOUT;time-out;1;3597;False;True
163123010;TECHNICAL_TIMEOUT;time-out;1;3598;False;True
163123015;TECHNICAL_TIMEOUT;time-out;1;3599;False;True
163123020;TECHNICAL_TIMEOUT;time-out;1;3600;False;True
163123025;TECHNICAL_TIMEOUT;time-out;1;3601;False;True
163123030;TECHNICAL_TIMEOUT;time-out;1;3602;False;True
163123035;TECHNICAL_TIMEOUT;time-out;1;3603;False;True
163123360;TECHNICAL_UNRESOLVED_MISSING_IDENTITY;gevonden;1;3669;False;True
163123875;TECHNICAL_TIMEOUT;time-out;1;3772;False;True
163123895;TECHNICAL_TIMEOUT;time-out;1;3776;False;True
163123930;TECHNICAL_TIMEOUT;time-out;1;3783;False;True
163123950;TECHNICAL_TIMEOUT;time-out;1;3787;False;True
163124035;TECHNICAL_TIMEOUT;time-out;1;3804;False;True
163124070;TECHNICAL_TIMEOUT;time-out;1;3811;False;True
163124100;TECHNICAL_TIMEOUT;time-out;1;3817;False;True
163124105;TECHNICAL_TIMEOUT;time-out;1;3818;False;True
163124125;TECHNICAL_TIMEOUT;time-out;1;3822;False;True
163124160;TECHNICAL_TIMEOUT;time-out;1;3829;False;True
163124250;TECHNICAL_TIMEOUT;time-out;1;3847;False;True
163124420;TECHNICAL_TIMEOUT;time-out;1;3881;False;True
163124530;TECHNICAL_TIMEOUT;time-out;1;3903;False;True
163124535;TECHNICAL_TIMEOUT;time-out;1;3904;False;True
163124540;TECHNICAL_TIMEOUT;time-out;1;3905;False;True
163124545;TECHNICAL_TIMEOUT;time-out;1;3906;False;True
163124550;TECHNICAL_TIMEOUT;time-out;1;3907;False;True
163124560;TECHNICAL_TIMEOUT;time-out;1;3909;False;True
163124685;TECHNICAL_TIMEOUT;time-out;1;3934;False;True
163124690;TECHNICAL_TIMEOUT;time-out;1;3935;False;True
163124695;TECHNICAL_TIMEOUT;time-out;1;3936;False;True
163124700;TECHNICAL_TIMEOUT;time-out;1;3937;False;True
163124705;TECHNICAL_TIMEOUT;time-out;1;3938;False;True
163124710;TECHNICAL_TIMEOUT;time-out;1;3939;False;True
163124715;TECHNICAL_TIMEOUT;time-out;1;3940;False;True
163124720;TECHNICAL_TIMEOUT;time-out;1;3941;False;True
163124725;TECHNICAL_TIMEOUT;time-out;1;3942;False;True
163124730;TECHNICAL_TIMEOUT;time-out;1;3943;False;True
163124735;TECHNICAL_TIMEOUT;time-out;1;3944;False;True
163124740;TECHNICAL_TIMEOUT;time-out;1;3945;False;True
163124745;TECHNICAL_TIMEOUT;time-out;1;3946;False;True
163124750;TECHNICAL_TIMEOUT;time-out;1;3947;False;True
163124755;TECHNICAL_TIMEOUT;time-out;1;3948;False;True
163124760;TECHNICAL_TIMEOUT;time-out;1;3949;False;True
163124825;TECHNICAL_TIMEOUT;time-out;1;3962;False;True
163124830;TECHNICAL_TIMEOUT;time-out;1;3963;False;True
163124835;TECHNICAL_TIMEOUT;time-out;1;3964;False;True
163124840;TECHNICAL_TIMEOUT;time-out;1;3965;False;True
163124845;TECHNICAL_TIMEOUT;time-out;1;3966;False;True
163124850;TECHNICAL_TIMEOUT;time-out;1;3967;False;True
163124855;TECHNICAL_TIMEOUT;time-out;1;3968;False;True
163124860;TECHNICAL_TIMEOUT;time-out;1;3969;False;True
163124865;TECHNICAL_TIMEOUT;time-out;1;3970;False;True
163124870;TECHNICAL_TIMEOUT;time-out;1;3971;False;True
163124875;TECHNICAL_TIMEOUT;time-out;1;3972;False;True
163124880;TECHNICAL_TIMEOUT;time-out;1;3973;False;True
163124885;TECHNICAL_TIMEOUT;time-out;1;3974;False;True
163124890;TECHNICAL_TIMEOUT;time-out;1;3975;False;True
163124895;TECHNICAL_TIMEOUT;time-out;1;3976;False;True
163124900;TECHNICAL_TIMEOUT;time-out;1;3977;False;True
163124910;TECHNICAL_TIMEOUT;time-out;1;3979;False;True
163124915;TECHNICAL_TIMEOUT;time-out;1;3980;False;True
163124920;TECHNICAL_TIMEOUT;time-out;1;3981;False;True
163124925;TECHNICAL_TIMEOUT;time-out;1;3982;False;True
163124930;TECHNICAL_TIMEOUT;time-out;1;3983;False;True
163124935;TECHNICAL_TIMEOUT;time-out;1;3984;False;True
163124940;TECHNICAL_TIMEOUT;time-out;1;3985;False;True
163124945;TECHNICAL_TIMEOUT;time-out;1;3986;False;True
163124950;TECHNICAL_TIMEOUT;time-out;1;3987;False;True
163124955;TECHNICAL_TIMEOUT;time-out;1;3988;False;True
163124960;TECHNICAL_TIMEOUT;time-out;1;3989;False;True
163124965;TECHNICAL_TIMEOUT;time-out;1;3990;False;True
163124970;TECHNICAL_TIMEOUT;time-out;1;3991;False;True
163124975;TECHNICAL_TIMEOUT;time-out;1;3992;False;True
163124980;TECHNICAL_TIMEOUT;time-out;1;3993;False;True
163127895;TECHNICAL_TIMEOUT;time-out;1;4577;False;True
163127900;TECHNICAL_TIMEOUT;time-out;1;4578;False;True
163127905;TECHNICAL_TIMEOUT;time-out;1;4579;False;True
163127910;TECHNICAL_TIMEOUT;time-out;1;4580;False;True
163127915;TECHNICAL_TIMEOUT;time-out;1;4581;False;True
163127920;TECHNICAL_TIMEOUT;time-out;1;4582;False;True
163127925;TECHNICAL_TIMEOUT;time-out;1;4583;False;True
163127930;TECHNICAL_TIMEOUT;time-out;1;4584;False;True
163127935;TECHNICAL_TIMEOUT;time-out;1;4585;False;True
163127940;TECHNICAL_TIMEOUT;time-out;1;4586;False;True
163127945;TECHNICAL_TIMEOUT;time-out;1;4587;False;True
163127950;TECHNICAL_TIMEOUT;time-out;1;4588;False;True
163127955;TECHNICAL_TIMEOUT;time-out;1;4589;False;True
163127960;TECHNICAL_TIMEOUT;time-out;1;4590;False;True
163127965;TECHNICAL_TIMEOUT;time-out;1;4591;False;True
163127970;TECHNICAL_TIMEOUT;time-out;1;4592;False;True
163127975;TECHNICAL_TIMEOUT;time-out;1;4593;False;True
163127980;TECHNICAL_TIMEOUT;time-out;1;4594;False;True
163127985;TECHNICAL_TIMEOUT;time-out;1;4595;False;True
163127990;TECHNICAL_TIMEOUT;time-out;1;4596;False;True
163127995;TECHNICAL_TIMEOUT;time-out;1;4597;False;True
163128000;TECHNICAL_TIMEOUT;time-out;1;4598;False;True
163128005;TECHNICAL_TIMEOUT;time-out;1;4599;False;True
163128010;TECHNICAL_TIMEOUT;time-out;1;4600;False;True
163128015;TECHNICAL_TIMEOUT;time-out;1;4601;False;True
163128020;TECHNICAL_TIMEOUT;time-out;1;4602;False;True
163128025;TECHNICAL_TIMEOUT;time-out;1;4603;False;True
163128030;TECHNICAL_TIMEOUT;time-out;1;4604;False;True
163128035;TECHNICAL_TIMEOUT;time-out;1;4605;False;True
163128040;TECHNICAL_TIMEOUT;time-out;1;4606;False;True
163128045;TECHNICAL_TIMEOUT;time-out;1;4607;False;True
163128050;TECHNICAL_TIMEOUT;time-out;1;4608;False;True
163128055;TECHNICAL_TIMEOUT;time-out;1;4609;False;True
163128060;TECHNICAL_TIMEOUT;time-out;2;4610,4611;False;True
163128065;TECHNICAL_TIMEOUT;time-out;1;4612;False;True
163128070;TECHNICAL_TIMEOUT;time-out;1;4613;False;True
163128075;TECHNICAL_TIMEOUT;time-out;1;4614;False;True
163128080;TECHNICAL_TIMEOUT;time-out;1;4615;False;True
163128085;TECHNICAL_TIMEOUT;time-out;1;4616;False;True
163128090;TECHNICAL_TIMEOUT;time-out;1;4617;False;True
163128095;TECHNICAL_TIMEOUT;time-out;1;4618;False;True
163128100;TECHNICAL_TIMEOUT;time-out;1;4619;False;True
163128105;TECHNICAL_TIMEOUT;time-out;1;4620;False;True
163128110;TECHNICAL_TIMEOUT;time-out;1;4621;False;True
163128115;TECHNICAL_TIMEOUT;time-out;1;4622;False;True
163128120;TECHNICAL_TIMEOUT;time-out;1;4623;False;True
163128125;TECHNICAL_TIMEOUT;time-out;1;4624;False;True
163128130;TECHNICAL_TIMEOUT;time-out;1;4625;False;True
163128135;TECHNICAL_TIMEOUT;time-out;1;4626;False;True
163128140;TECHNICAL_TIMEOUT;time-out;1;4627;False;True
163128145;TECHNICAL_TIMEOUT;time-out;1;4628;False;True
163128150;TECHNICAL_TIMEOUT;time-out;1;4629;False;True
163128155;TECHNICAL_TIMEOUT;time-out;1;4630;False;True
163128160;TECHNICAL_TIMEOUT;time-out;1;4631;False;True
163128165;TECHNICAL_TIMEOUT;time-out;1;4632;False;True
163128170;TECHNICAL_TIMEOUT;time-out;1;4633;False;True
163128175;TECHNICAL_TIMEOUT;time-out;1;4634;False;True
163128180;TECHNICAL_TIMEOUT;time-out;1;4635;False;True
163128185;TECHNICAL_TIMEOUT;time-out;1;4636;False;True
163128190;TECHNICAL_TIMEOUT;time-out;1;4637;False;True
163128195;TECHNICAL_TIMEOUT;time-out;1;4638;False;True
163128200;TECHNICAL_TIMEOUT;time-out;1;4639;False;True
163128205;TECHNICAL_TIMEOUT;time-out;1;4640;False;True
163128210;TECHNICAL_TIMEOUT;time-out;1;4641;False;True
163128215;TECHNICAL_TIMEOUT;time-out;1;4642;False;True
163128220;TECHNICAL_TIMEOUT;time-out;1;4643;False;True
163128225;TECHNICAL_TIMEOUT;time-out;1;4644;False;True
163128230;TECHNICAL_TIMEOUT;time-out;1;4645;False;True
163128235;TECHNICAL_TIMEOUT;time-out;1;4646;False;True
163128240;TECHNICAL_TIMEOUT;time-out;1;4647;False;True
163128245;TECHNICAL_TIMEOUT;time-out;1;4648;False;True
163128250;TECHNICAL_TIMEOUT;time-out;1;4649;False;True
163128255;TECHNICAL_TIMEOUT;time-out;1;4650;False;True
163128260;TECHNICAL_TIMEOUT;time-out;1;4651;False;True
163128265;TECHNICAL_TIMEOUT;time-out;1;4652;False;True
163128270;TECHNICAL_TIMEOUT;time-out;1;4653;False;True
163128275;TECHNICAL_TIMEOUT;time-out;1;4654;False;True
163128280;TECHNICAL_TIMEOUT;time-out;1;4655;False;True
163128285;TECHNICAL_TIMEOUT;time-out;1;4656;False;True
163128290;TECHNICAL_TIMEOUT;time-out;1;4657;False;True
163128295;TECHNICAL_TIMEOUT;time-out;1;4658;False;True
163128300;TECHNICAL_TIMEOUT;time-out;1;4659;False;True
163128305;TECHNICAL_TIMEOUT;time-out;1;4660;False;True
163128310;TECHNICAL_TIMEOUT;time-out;1;4661;False;True
163128315;TECHNICAL_TIMEOUT;time-out;1;4662;False;True
163128320;TECHNICAL_TIMEOUT;time-out;1;4663;False;True
163128325;TECHNICAL_TIMEOUT;time-out;1;4664;False;True
163128330;TECHNICAL_TIMEOUT;time-out;1;4665;False;True
163128335;TECHNICAL_TIMEOUT;time-out;1;4666;False;True
163128340;TECHNICAL_TIMEOUT;time-out;1;4667;False;True
163128345;TECHNICAL_TIMEOUT;time-out;1;4668;False;True
163128350;TECHNICAL_TIMEOUT;time-out;1;4669;False;True
163128355;TECHNICAL_TIMEOUT;time-out;1;4670;False;True
163128360;TECHNICAL_TIMEOUT;time-out;1;4671;False;True
163128365;TECHNICAL_TIMEOUT;time-out;1;4672;False;True
163128370;TECHNICAL_TIMEOUT;time-out;1;4673;False;True
163128375;TECHNICAL_TIMEOUT;time-out;1;4674;False;True
163128380;TECHNICAL_TIMEOUT;time-out;1;4675;False;True
163128385;TECHNICAL_TIMEOUT;time-out;1;4676;False;True
163128390;TECHNICAL_TIMEOUT;time-out;1;4677;False;True
163128395;TECHNICAL_TIMEOUT;time-out;1;4678;False;True
163128400;TECHNICAL_TIMEOUT;time-out;1;4679;False;True
163128405;TECHNICAL_TIMEOUT;time-out;1;4680;False;True
163128410;TECHNICAL_TIMEOUT;time-out;1;4681;False;True
163128415;TECHNICAL_TIMEOUT;time-out;1;4682;False;True
163128420;TECHNICAL_TIMEOUT;time-out;1;4683;False;True
163128425;TECHNICAL_TIMEOUT;time-out;1;4684;False;True
163128430;TECHNICAL_TIMEOUT;time-out;1;4685;False;True
163128435;TECHNICAL_TIMEOUT;time-out;1;4686;False;True
163128440;TECHNICAL_TIMEOUT;time-out;1;4687;False;True
163128445;TECHNICAL_TIMEOUT;time-out;1;4688;False;True
163128450;TECHNICAL_TIMEOUT;time-out;1;4689;False;True
163128455;TECHNICAL_TIMEOUT;time-out;1;4690;False;True
163128460;TECHNICAL_TIMEOUT;time-out;1;4691;False;True
163128465;TECHNICAL_TIMEOUT;time-out;1;4692;False;True
163128470;TECHNICAL_TIMEOUT;time-out;1;4693;False;True
163128475;TECHNICAL_TIMEOUT;time-out;1;4694;False;True
163128480;TECHNICAL_TIMEOUT;time-out;1;4695;False;True
163128485;TECHNICAL_TIMEOUT;time-out;1;4696;False;True
163128490;TECHNICAL_TIMEOUT;time-out;1;4697;False;True
163128495;TECHNICAL_TIMEOUT;time-out;1;4698;False;True
163128500;TECHNICAL_TIMEOUT;time-out;1;4699;False;True
163128505;TECHNICAL_TIMEOUT;time-out;1;4700;False;True
163128510;TECHNICAL_TIMEOUT;time-out;1;4701;False;True
163128515;TECHNICAL_TIMEOUT;time-out;1;4702;False;True
163128520;TECHNICAL_TIMEOUT;time-out;1;4703;False;True
