official_identity;official_product_name;observed_start_serial;observed_end_serial;observed_count;semantics;range_inference_allowed
"Motorzaag / Benzine MS 440-Z 3/8"" RIM Magnum Motorsäge";"MS 440-Z 3/8"" RIM Magnum Motorsäge";163118080;163118179;100;OBSERVED_CONSECUTIVE_EXACT_HITS_ONLY;FALSE
Bosmaaier / Benzine FS 55 RC-E Z Motorsense;FS 55 RC-E Z Motorsense;010000000;010000000;1;OBSERVED_CONSECUTIVE_EXACT_HITS_ONLY;FALSE
"Motorzaag / Benzine 051 .404"" P Motorsäge";"051 .404"" P Motorsäge";010001000;010001000;1;OBSERVED_CONSECUTIVE_EXACT_HITS_ONLY;FALSE
"Motorzaag / Benzine 051 .404"" P Motorsäge";"051 .404"" P Motorsäge";010002000;010002000;1;OBSERVED_CONSECUTIVE_EXACT_HITS_ONLY;FALSE
"Motorzaag / Benzine 051 .404"" P Motorsäge";"051 .404"" P Motorsäge";010003000;010003000;1;OBSERVED_CONSECUTIVE_EXACT_HITS_ONLY;FALSE
Motorzaag / Benzine 038 M STIHL Motorsäge;038 M STIHL Motorsäge;010004000;010004000;1;OBSERVED_CONSECUTIVE_EXACT_HITS_ONLY;FALSE
"Motorzaag / Benzine 076 AVEQ .404""7Z-P- STIHL Motorsäge";"076 AVEQ .404""7Z-P- STIHL Motorsäge";010005000;010005000;1;OBSERVED_CONSECUTIVE_EXACT_HITS_ONLY;FALSE
Toebehoren / Benzine BT 308 50 1/MIN;BT 308 50 1/MIN;010013000;010013000;1;OBSERVED_CONSECUTIVE_EXACT_HITS_ONLY;FALSE
"Motorzaag / Benzine 051 .404"" P Motorsäge";"051 .404"" P Motorsäge";010014000;010014000;1;OBSERVED_CONSECUTIVE_EXACT_HITS_ONLY;FALSE
"Motorzaag / Benzine 070 .404"" P Motorsäge";"070 .404"" P Motorsäge";010038000;010038000;1;OBSERVED_CONSECUTIVE_EXACT_HITS_ONLY;FALSE
"Motorzaag / Benzine 070 .404"" P Motorsäge";"070 .404"" P Motorsäge";010039000;010039000;1;OBSERVED_CONSECUTIVE_EXACT_HITS_ONLY;FALSE
"Motorzaag / Benzine 070 .404"" P Motorsäge";"070 .404"" P Motorsäge";010040000;010040000;1;OBSERVED_CONSECUTIVE_EXACT_HITS_ONLY;FALSE
"Motorzaag / Benzine 070 .404"" P Motorsäge";"070 .404"" P Motorsäge";010041000;010041000;1;OBSERVED_CONSECUTIVE_EXACT_HITS_ONLY;FALSE
"Motorzaag / Benzine 070 .404"" P Motorsäge";"070 .404"" P Motorsäge";010042000;010042000;1;OBSERVED_CONSECUTIVE_EXACT_HITS_ONLY;FALSE
"Motorzaag / Benzine 070 .404"" P Motorsäge";"070 .404"" P Motorsäge";010043000;010043000;1;OBSERVED_CONSECUTIVE_EXACT_HITS_ONLY;FALSE
"Motorzaag / Benzine 070 .404"" P Motorsäge";"070 .404"" P Motorsäge";010044000;010044000;1;OBSERVED_CONSECUTIVE_EXACT_HITS_ONLY;FALSE
"Motorzaag / Benzine 08 S .404""7Z-P- STIHL Motorsäge";"08 S .404""7Z-P- STIHL Motorsäge";010046000;010046000;1;OBSERVED_CONSECUTIVE_EXACT_HITS_ONLY;FALSE
"Motorzaag / Benzine 070 .404"" P Motorsäge";"070 .404"" P Motorsäge";010105000;010105000;1;OBSERVED_CONSECUTIVE_EXACT_HITS_ONLY;FALSE
"Motorzaag / Benzine 070 .404"" P Motorsäge";"070 .404"" P Motorsäge";010106000;010106000;1;OBSERVED_CONSECUTIVE_EXACT_HITS_ONLY;FALSE
"Motorzaag / Benzine 070 .404"" P Motorsäge";"070 .404"" P Motorsäge";010107000;010107000;1;OBSERVED_CONSECUTIVE_EXACT_HITS_ONLY;FALSE
"Motorzaag / Benzine 070 .404"" P Motorsäge";"070 .404"" P Motorsäge";010108000;010108000;1;OBSERVED_CONSECUTIVE_EXACT_HITS_ONLY;FALSE
"Motorzaag / Benzine 070 .404"" P Motorsäge";"070 .404"" P Motorsäge";010109000;010109000;1;OBSERVED_CONSECUTIVE_EXACT_HITS_ONLY;FALSE
"Motorzaag / Benzine 08 S .404""7Z-P- STIHL Motorsäge";"08 S .404""7Z-P- STIHL Motorsäge";010110000;010110000;1;OBSERVED_CONSECUTIVE_EXACT_HITS_ONLY;FALSE
"Motorzaag / Benzine 08 S .404""7Z-P- STIHL Motorsäge";"08 S .404""7Z-P- STIHL Motorsäge";010111000;010111000;1;OBSERVED_CONSECUTIVE_EXACT_HITS_ONLY;FALSE
Toebehoren BT309-660 1/MIN;Toebehoren BT309-660 1/MIN;010120000;010120000;1;OBSERVED_CONSECUTIVE_EXACT_HITS_ONLY;FALSE
"Motorzaag / Benzine 070 .404"" P Motorsäge";"070 .404"" P Motorsäge";010121000;010121000;1;OBSERVED_CONSECUTIVE_EXACT_HITS_ONLY;FALSE
"Motorzaag / Benzine 070 .404"" P Motorsäge";"070 .404"" P Motorsäge";010122000;010122000;1;OBSERVED_CONSECUTIVE_EXACT_HITS_ONLY;FALSE
"Motorzaag / Benzine 070 .404"" P Motorsäge";"070 .404"" P Motorsäge";010123000;010123000;1;OBSERVED_CONSECUTIVE_EXACT_HITS_ONLY;FALSE
"Motorzaag / Benzine 070 .404"" P Motorsäge";"070 .404"" P Motorsäge";010124000;010124000;1;OBSERVED_CONSECUTIVE_EXACT_HITS_ONLY;FALSE
Motorzaag / Benzine 08 SQ STIHL Motorsäge;08 SQ STIHL Motorsäge;010126000;010126000;1;OBSERVED_CONSECUTIVE_EXACT_HITS_ONLY;FALSE
Motorzaag / Benzine 08 SQ STIHL Motorsäge;08 SQ STIHL Motorsäge;010127000;010127000;1;OBSERVED_CONSECUTIVE_EXACT_HITS_ONLY;FALSE
Algemeen gemotoriseerd / Benzine 08 S Ersatzmotor;08 S Ersatzmotor;010128000;010128000;1;OBSERVED_CONSECUTIVE_EXACT_HITS_ONLY;FALSE
"Motorzaag / Benzine 070 .404"" P Motorsäge";"070 .404"" P Motorsäge";010164000;010164000;1;OBSERVED_CONSECUTIVE_EXACT_HITS_ONLY;FALSE
"Motorzaag / Benzine 070 .404"" P Motorsäge";"070 .404"" P Motorsäge";010165000;010165000;1;OBSERVED_CONSECUTIVE_EXACT_HITS_ONLY;FALSE
"Motorzaag / Benzine 070 .404"" P Motorsäge";"070 .404"" P Motorsäge";010166000;010166000;1;OBSERVED_CONSECUTIVE_EXACT_HITS_ONLY;FALSE
"Motorzaag / Benzine 070 .404"" P Motorsäge";"070 .404"" P Motorsäge";010167000;010167000;1;OBSERVED_CONSECUTIVE_EXACT_HITS_ONLY;FALSE
"Motorzaag / Benzine 051 .404"" P Motorsäge";"051 .404"" P Motorsäge";010169000;010169000;1;OBSERVED_CONSECUTIVE_EXACT_HITS_ONLY;FALSE
"Motorzaag / Benzine 051 .404"" P Motorsäge";"051 .404"" P Motorsäge";010170000;010170000;1;OBSERVED_CONSECUTIVE_EXACT_HITS_ONLY;FALSE
Motorzaag / Benzine 08 SQ STIHL Motorsäge;08 SQ STIHL Motorsäge;010173000;010173000;1;OBSERVED_CONSECUTIVE_EXACT_HITS_ONLY;FALSE
Motorzaag / Benzine 08 SQ STIHL Motorsäge;08 SQ STIHL Motorsäge;010174000;010174000;1;OBSERVED_CONSECUTIVE_EXACT_HITS_ONLY;FALSE
Algemeen gemotoriseerd / Benzine 08 S Ersatzmotor;08 S Ersatzmotor;010175000;010175000;1;OBSERVED_CONSECUTIVE_EXACT_HITS_ONLY;FALSE
"Motorzaag / Benzine 051 .404"" P Motorsäge";"051 .404"" P Motorsäge";010183000;010183000;1;OBSERVED_CONSECUTIVE_EXACT_HITS_ONLY;FALSE
"Motorzaag / Benzine 051 .404"" P Motorsäge";"051 .404"" P Motorsäge";010184000;010184000;1;OBSERVED_CONSECUTIVE_EXACT_HITS_ONLY;FALSE
Toebehoren / Benzine BT 308 50 1/MIN;BT 308 50 1/MIN;010213000;010213000;1;OBSERVED_CONSECUTIVE_EXACT_HITS_ONLY;FALSE
Toebehoren / Benzine BT 308 50 1/MIN;BT 308 50 1/MIN;010214000;010214000;1;OBSERVED_CONSECUTIVE_EXACT_HITS_ONLY;FALSE
Toebehoren USG Schärfgerät;Toebehoren USG Schärfgerät;010216000;010216000;1;OBSERVED_CONSECUTIVE_EXACT_HITS_ONLY;FALSE
Toebehoren USG Schärfgerät;Toebehoren USG Schärfgerät;010218000;010218000;1;OBSERVED_CONSECUTIVE_EXACT_HITS_ONLY;FALSE
Toebehoren USG Schärfgerät;Toebehoren USG Schärfgerät;010219000;010219000;1;OBSERVED_CONSECUTIVE_EXACT_HITS_ONLY;FALSE
Toebehoren USG Schärfgerät;Toebehoren USG Schärfgerät;010220000;010220000;1;OBSERVED_CONSECUTIVE_EXACT_HITS_ONLY;FALSE
"Motorzaag / Benzine 08 S .404""7Z-P- STIHL Motorsäge";"08 S .404""7Z-P- STIHL Motorsäge";010235000;010235000;1;OBSERVED_CONSECUTIVE_EXACT_HITS_ONLY;FALSE
"Motorzaag / Benzine 08 S .404""7Z-P- STIHL Motorsäge";"08 S .404""7Z-P- STIHL Motorsäge";010236000;010236000;1;OBSERVED_CONSECUTIVE_EXACT_HITS_ONLY;FALSE
"Motorzaag / Benzine 08 S .404""7Z-P- STIHL Motorsäge";"08 S .404""7Z-P- STIHL Motorsäge";010237000;010237000;1;OBSERVED_CONSECUTIVE_EXACT_HITS_ONLY;FALSE
"Motorzaag / Benzine 08 S .404""7Z-P- STIHL Motorsäge";"08 S .404""7Z-P- STIHL Motorsäge";010238000;010238000;1;OBSERVED_CONSECUTIVE_EXACT_HITS_ONLY;FALSE
"Motorzaag / Benzine 08 S .404""7Z-P- STIHL Motorsäge";"08 S .404""7Z-P- STIHL Motorsäge";010239000;010239000;1;OBSERVED_CONSECUTIVE_EXACT_HITS_ONLY;FALSE
"Motorzaag / Benzine 08 S .404""7Z-P- STIHL Motorsäge";"08 S .404""7Z-P- STIHL Motorsäge";010240000;010240000;1;OBSERVED_CONSECUTIVE_EXACT_HITS_ONLY;FALSE
"Motorzaag / Benzine 051 .404"" P Motorsäge";"051 .404"" P Motorsäge";010241000;010241000;1;OBSERVED_CONSECUTIVE_EXACT_HITS_ONLY;FALSE
"Motorzaag / Benzine 051 .404"" P Motorsäge";"051 .404"" P Motorsäge";010242000;010242000;1;OBSERVED_CONSECUTIVE_EXACT_HITS_ONLY;FALSE
"Motorzaag / Benzine 070 .404"" P Motorsäge";"070 .404"" P Motorsäge";010244000;010244000;1;OBSERVED_CONSECUTIVE_EXACT_HITS_ONLY;FALSE
Algemeen gemotoriseerd / Benzine 08 S Ersatzmotor;08 S Ersatzmotor;010246000;010246000;1;OBSERVED_CONSECUTIVE_EXACT_HITS_ONLY;FALSE
"Motorzaag / Benzine 051 .404"" P Motorsäge";"051 .404"" P Motorsäge";010260000;010260000;1;OBSERVED_CONSECUTIVE_EXACT_HITS_ONLY;FALSE
"Motorzaag / Benzine 051 .404"" P Motorsäge";"051 .404"" P Motorsäge";010261000;010261000;1;OBSERVED_CONSECUTIVE_EXACT_HITS_ONLY;FALSE
"Motorzaag / Benzine 051 .404"" P Motorsäge";"051 .404"" P Motorsäge";010262000;010262000;1;OBSERVED_CONSECUTIVE_EXACT_HITS_ONLY;FALSE
"Motorzaag / Benzine 08 S .404""7Z-P- STIHL Motorsäge";"08 S .404""7Z-P- STIHL Motorsäge";010308000;010308000;1;OBSERVED_CONSECUTIVE_EXACT_HITS_ONLY;FALSE
"Motorzaag / Benzine 08 S .404""7Z-P- STIHL Motorsäge";"08 S .404""7Z-P- STIHL Motorsäge";010309000;010309000;1;OBSERVED_CONSECUTIVE_EXACT_HITS_ONLY;FALSE
"Motorzaag / Benzine 08 S .404""7Z-P- STIHL Motorsäge";"08 S .404""7Z-P- STIHL Motorsäge";010310000;010310000;1;OBSERVED_CONSECUTIVE_EXACT_HITS_ONLY;FALSE
"Motorzaag / Benzine 08 S .404""7Z-P- STIHL Motorsäge";"08 S .404""7Z-P- STIHL Motorsäge";010311000;010311000;1;OBSERVED_CONSECUTIVE_EXACT_HITS_ONLY;FALSE
"Motorzaag / Benzine 051 .404"" P Motorsäge";"051 .404"" P Motorsäge";010312000;010312000;1;OBSERVED_CONSECUTIVE_EXACT_HITS_ONLY;FALSE
"Motorzaag / Benzine 051 .404"" P Motorsäge";"051 .404"" P Motorsäge";010313000;010313000;1;OBSERVED_CONSECUTIVE_EXACT_HITS_ONLY;FALSE
"Motorzaag / Benzine 051 .404"" P Motorsäge";"051 .404"" P Motorsäge";010315000;010315000;1;OBSERVED_CONSECUTIVE_EXACT_HITS_ONLY;FALSE
"Motorzaag / Benzine 051 .404"" P Motorsäge";"051 .404"" P Motorsäge";010316000;010316000;1;OBSERVED_CONSECUTIVE_EXACT_HITS_ONLY;FALSE
Motorzaag / Benzine 08 SQ STIHL Motorsäge;08 SQ STIHL Motorsäge;010317000;010317000;1;OBSERVED_CONSECUTIVE_EXACT_HITS_ONLY;FALSE
"Motorzaag / Benzine 08 S .404""7Z-P- STIHL Motorsäge";"08 S .404""7Z-P- STIHL Motorsäge";010318000;010318000;1;OBSERVED_CONSECUTIVE_EXACT_HITS_ONLY;FALSE
"Motorzaag / Benzine 08 S .404""7Z-P- STIHL Motorsäge";"08 S .404""7Z-P- STIHL Motorsäge";010319000;010319000;1;OBSERVED_CONSECUTIVE_EXACT_HITS_ONLY;FALSE
"Motorzaag / Benzine 08 S .404""7Z-P- STIHL Motorsäge";"08 S .404""7Z-P- STIHL Motorsäge";010320000;010320000;1;OBSERVED_CONSECUTIVE_EXACT_HITS_ONLY;FALSE
"Motorzaag / Benzine 08 S .404""7Z-P- STIHL Motorsäge";"08 S .404""7Z-P- STIHL Motorsäge";010321000;010321000;1;OBSERVED_CONSECUTIVE_EXACT_HITS_ONLY;FALSE
"Motorzaag / Benzine 070 .404"" P Motorsäge";"070 .404"" P Motorsäge";010323000;010323000;1;OBSERVED_CONSECUTIVE_EXACT_HITS_ONLY;FALSE
"Motorzaag / Benzine 070 .404"" P Motorsäge";"070 .404"" P Motorsäge";010324000;010324000;1;OBSERVED_CONSECUTIVE_EXACT_HITS_ONLY;FALSE
"Motorzaag / Benzine 070 .404"" P Motorsäge";"070 .404"" P Motorsäge";010325000;010325000;1;OBSERVED_CONSECUTIVE_EXACT_HITS_ONLY;FALSE
"Motorzaag / Benzine 070 .404"" P Motorsäge";"070 .404"" P Motorsäge";010326000;010326000;1;OBSERVED_CONSECUTIVE_EXACT_HITS_ONLY;FALSE
Toebehoren / Benzine BT 308 50 1/MIN;BT 308 50 1/MIN;010355000;010355000;1;OBSERVED_CONSECUTIVE_EXACT_HITS_ONLY;FALSE
"Motorzaag / Benzine 070 .404"" P Motorsäge";"070 .404"" P Motorsäge";010506000;010506000;1;OBSERVED_CONSECUTIVE_EXACT_HITS_ONLY;FALSE
"Motorzaag / Benzine 070 .404"" P Motorsäge";"070 .404"" P Motorsäge";010507000;010507000;1;OBSERVED_CONSECUTIVE_EXACT_HITS_ONLY;FALSE
"Motorzaag / Benzine 070 .404"" P Motorsäge";"070 .404"" P Motorsäge";010508000;010508000;1;OBSERVED_CONSECUTIVE_EXACT_HITS_ONLY;FALSE
"Motorzaag / Benzine 070 .404"" P Motorsäge";"070 .404"" P Motorsäge";010509000;010509000;1;OBSERVED_CONSECUTIVE_EXACT_HITS_ONLY;FALSE
"Motorzaag / Benzine 070 .404"" P Motorsäge";"070 .404"" P Motorsäge";010510000;010510000;1;OBSERVED_CONSECUTIVE_EXACT_HITS_ONLY;FALSE
"Motorzaag / Benzine 070 .404"" P Motorsäge";"070 .404"" P Motorsäge";010511000;010511000;1;OBSERVED_CONSECUTIVE_EXACT_HITS_ONLY;FALSE
Toebehoren BT309-660 1/MIN;Toebehoren BT309-660 1/MIN;010535000;010535000;1;OBSERVED_CONSECUTIVE_EXACT_HITS_ONLY;FALSE
"Motorzaag / Benzine 070 .404"" P Motorsäge";"070 .404"" P Motorsäge";010538000;010538000;1;OBSERVED_CONSECUTIVE_EXACT_HITS_ONLY;FALSE
"Motorzaag / Benzine 070 .404"" P Motorsäge";"070 .404"" P Motorsäge";010539000;010539000;1;OBSERVED_CONSECUTIVE_EXACT_HITS_ONLY;FALSE
"Motorzaag / Benzine 070 .404"" P Motorsäge";"070 .404"" P Motorsäge";010540000;010540000;1;OBSERVED_CONSECUTIVE_EXACT_HITS_ONLY;FALSE
"Motorzaag / Benzine 070 .404"" P Motorsäge";"070 .404"" P Motorsäge";010541000;010541000;1;OBSERVED_CONSECUTIVE_EXACT_HITS_ONLY;FALSE
"Motorzaag / Benzine 070 .404"" P Motorsäge";"070 .404"" P Motorsäge";010542000;010542000;1;OBSERVED_CONSECUTIVE_EXACT_HITS_ONLY;FALSE
"Motorzaag / Benzine 070 .404"" P Motorsäge";"070 .404"" P Motorsäge";010543000;010543000;1;OBSERVED_CONSECUTIVE_EXACT_HITS_ONLY;FALSE
"Motorzaag / Benzine 070 .404"" P Motorsäge";"070 .404"" P Motorsäge";010544000;010544000;1;OBSERVED_CONSECUTIVE_EXACT_HITS_ONLY;FALSE
"Motorzaag / Benzine 070 .404"" P Motorsäge";"070 .404"" P Motorsäge";010545000;010545000;1;OBSERVED_CONSECUTIVE_EXACT_HITS_ONLY;FALSE
"Motorzaag / Benzine 070 .404"" P Motorsäge";"070 .404"" P Motorsäge";010546000;010546000;1;OBSERVED_CONSECUTIVE_EXACT_HITS_ONLY;FALSE
"Motorzaag / Benzine 070 .404"" P Motorsäge";"070 .404"" P Motorsäge";010547000;010547000;1;OBSERVED_CONSECUTIVE_EXACT_HITS_ONLY;FALSE
"Motorzaag / Benzine 070 .404"" P Motorsäge";"070 .404"" P Motorsäge";010548000;010548000;1;OBSERVED_CONSECUTIVE_EXACT_HITS_ONLY;FALSE
"Motorzaag / Benzine 070 .404"" P Motorsäge";"070 .404"" P Motorsäge";010549000;010549000;1;OBSERVED_CONSECUTIVE_EXACT_HITS_ONLY;FALSE
"Motorzaag / Benzine 070 .404"" P Motorsäge";"070 .404"" P Motorsäge";010550000;010550000;1;OBSERVED_CONSECUTIVE_EXACT_HITS_ONLY;FALSE
"Motorzaag / Benzine 090 R .404""7Z-P-STIHL Motorsäge";"090 R .404""7Z-P-STIHL Motorsäge";010551000;010551000;1;OBSERVED_CONSECUTIVE_EXACT_HITS_ONLY;FALSE
Motorzaag / Benzine 08 SQ STIHL Motorsäge;08 SQ STIHL Motorsäge;010552000;010552000;1;OBSERVED_CONSECUTIVE_EXACT_HITS_ONLY;FALSE
Motorzaag / Benzine 08 SQ STIHL Motorsäge;08 SQ STIHL Motorsäge;010553000;010553000;1;OBSERVED_CONSECUTIVE_EXACT_HITS_ONLY;FALSE
Algemeen gemotoriseerd / Benzine 08 S Ersatzmotor;08 S Ersatzmotor;010554000;010554000;1;OBSERVED_CONSECUTIVE_EXACT_HITS_ONLY;FALSE
"Motorzaag / Benzine 076 AVEQ .404""7Z-P- STIHL Motorsäge";"076 AVEQ .404""7Z-P- STIHL Motorsäge";010555000;010555000;1;OBSERVED_CONSECUTIVE_EXACT_HITS_ONLY;FALSE
Motorzaag / Benzine 08 SQ STIHL Motorsäge;08 SQ STIHL Motorsäge;010592000;010592000;1;OBSERVED_CONSECUTIVE_EXACT_HITS_ONLY;FALSE
"Motorzaag / Benzine 070 .404"" P Motorsäge";"070 .404"" P Motorsäge";010594000;010594000;1;OBSERVED_CONSECUTIVE_EXACT_HITS_ONLY;FALSE
"Motorzaag / Benzine 070 .404"" P Motorsäge";"070 .404"" P Motorsäge";010597000;010597000;1;OBSERVED_CONSECUTIVE_EXACT_HITS_ONLY;FALSE
"Motorzaag / Benzine 070 .404"" P Motorsäge";"070 .404"" P Motorsäge";010598000;010598000;1;OBSERVED_CONSECUTIVE_EXACT_HITS_ONLY;FALSE
"Motorzaag / Benzine 070 .404"" P Motorsäge";"070 .404"" P Motorsäge";010599000;010599000;1;OBSERVED_CONSECUTIVE_EXACT_HITS_ONLY;FALSE
"Motorzaag / Benzine 070 .404"" P Motorsäge";"070 .404"" P Motorsäge";010607000;010607000;1;OBSERVED_CONSECUTIVE_EXACT_HITS_ONLY;FALSE
"Motorzaag / Benzine 070 .404"" P Motorsäge";"070 .404"" P Motorsäge";010608000;010608000;1;OBSERVED_CONSECUTIVE_EXACT_HITS_ONLY;FALSE
"Motorzaag / Benzine 070 .404"" P Motorsäge";"070 .404"" P Motorsäge";010609000;010609000;1;OBSERVED_CONSECUTIVE_EXACT_HITS_ONLY;FALSE
"Motorzaag / Benzine 070 .404"" P Motorsäge";"070 .404"" P Motorsäge";010610000;010610000;1;OBSERVED_CONSECUTIVE_EXACT_HITS_ONLY;FALSE
"Motorzaag / Benzine 070 .404"" P Motorsäge";"070 .404"" P Motorsäge";010611000;010611000;1;OBSERVED_CONSECUTIVE_EXACT_HITS_ONLY;FALSE
"Motorzaag / Benzine 070 .404"" P Motorsäge";"070 .404"" P Motorsäge";010612000;010612000;1;OBSERVED_CONSECUTIVE_EXACT_HITS_ONLY;FALSE
"Motorzaag / Benzine 08 S .404""7Z-P- STIHL Motorsäge";"08 S .404""7Z-P- STIHL Motorsäge";011003000;011003000;1;OBSERVED_CONSECUTIVE_EXACT_HITS_ONLY;FALSE
"Motorzaag / Benzine 070 .404"" P Motorsäge";"070 .404"" P Motorsäge";011014000;011014000;1;OBSERVED_CONSECUTIVE_EXACT_HITS_ONLY;FALSE
"Motorzaag / Benzine 051 .404"" P Motorsäge";"051 .404"" P Motorsäge";011021000;011021000;1;OBSERVED_CONSECUTIVE_EXACT_HITS_ONLY;FALSE
"Motorzaag / Benzine 070 .404"" P Motorsäge";"070 .404"" P Motorsäge";011039000;011039000;1;OBSERVED_CONSECUTIVE_EXACT_HITS_ONLY;FALSE
"Motorzaag / Benzine 070 .404"" P Motorsäge";"070 .404"" P Motorsäge";011041000;011041000;1;OBSERVED_CONSECUTIVE_EXACT_HITS_ONLY;FALSE
"Motorzaag / Benzine 070 .404"" P Motorsäge";"070 .404"" P Motorsäge";011042000;011042000;1;OBSERVED_CONSECUTIVE_EXACT_HITS_ONLY;FALSE
"Motorzaag / Benzine 070 .404"" P Motorsäge";"070 .404"" P Motorsäge";011043000;011043000;1;OBSERVED_CONSECUTIVE_EXACT_HITS_ONLY;FALSE
"Motorzaag / Benzine 08 S .404""7Z-P- STIHL Motorsäge";"08 S .404""7Z-P- STIHL Motorsäge";011044000;011044000;1;OBSERVED_CONSECUTIVE_EXACT_HITS_ONLY;FALSE
"Motorzaag / Benzine 08 S .404""7Z-P- STIHL Motorsäge";"08 S .404""7Z-P- STIHL Motorsäge";011045000;011045000;1;OBSERVED_CONSECUTIVE_EXACT_HITS_ONLY;FALSE
"Motorzaag / Benzine 051 .404"" P Motorsäge";"051 .404"" P Motorsäge";011053000;011053000;1;OBSERVED_CONSECUTIVE_EXACT_HITS_ONLY;FALSE
"Motorzaag / Benzine 070 .404"" P Motorsäge";"070 .404"" P Motorsäge";011085000;011085000;1;OBSERVED_CONSECUTIVE_EXACT_HITS_ONLY;FALSE
"Motorzaag / Benzine 070 .404"" P Motorsäge";"070 .404"" P Motorsäge";011086000;011086000;1;OBSERVED_CONSECUTIVE_EXACT_HITS_ONLY;FALSE
"Motorzaag / Benzine 070 .404"" P Motorsäge";"070 .404"" P Motorsäge";011087000;011087000;1;OBSERVED_CONSECUTIVE_EXACT_HITS_ONLY;FALSE
"Motorzaag / Benzine 08 S .404""7Z-P- STIHL Motorsäge";"08 S .404""7Z-P- STIHL Motorsäge";011088000;011088000;1;OBSERVED_CONSECUTIVE_EXACT_HITS_ONLY;FALSE
"Motorzaag / Benzine 051 .404"" P Motorsäge";"051 .404"" P Motorsäge";011095000;011095000;1;OBSERVED_CONSECUTIVE_EXACT_HITS_ONLY;FALSE
"Motorzaag / Benzine 070 .404"" P Motorsäge";"070 .404"" P Motorsäge";011148000;011148000;1;OBSERVED_CONSECUTIVE_EXACT_HITS_ONLY;FALSE
"Motorzaag / Benzine 070 .404"" P Motorsäge";"070 .404"" P Motorsäge";011149000;011149000;1;OBSERVED_CONSECUTIVE_EXACT_HITS_ONLY;FALSE
"Motorzaag / Benzine 070 .404"" P Motorsäge";"070 .404"" P Motorsäge";011150000;011150000;1;OBSERVED_CONSECUTIVE_EXACT_HITS_ONLY;FALSE
"Motorzaag / Benzine 070 .404"" P Motorsäge";"070 .404"" P Motorsäge";011151000;011151000;1;OBSERVED_CONSECUTIVE_EXACT_HITS_ONLY;FALSE
"Motorzaag / Benzine 051 .404"" P Motorsäge";"051 .404"" P Motorsäge";011152000;011152000;1;OBSERVED_CONSECUTIVE_EXACT_HITS_ONLY;FALSE
Algemeen gemotoriseerd / Benzine 08 S Ersatzmotor;08 S Ersatzmotor;011181000;011181000;1;OBSERVED_CONSECUTIVE_EXACT_HITS_ONLY;FALSE
"Motorzaag / Benzine 08 S .404""7Z-P- STIHL Motorsäge";"08 S .404""7Z-P- STIHL Motorsäge";011182000;011182000;1;OBSERVED_CONSECUTIVE_EXACT_HITS_ONLY;FALSE
"Motorzaag / Benzine 070 .404"" P Motorsäge";"070 .404"" P Motorsäge";011287000;011287000;1;OBSERVED_CONSECUTIVE_EXACT_HITS_ONLY;FALSE
"Motorzaag / Benzine 070 .404"" P Motorsäge";"070 .404"" P Motorsäge";011288000;011288000;1;OBSERVED_CONSECUTIVE_EXACT_HITS_ONLY;FALSE
"Motorzaag / Benzine 070 .404"" P Motorsäge";"070 .404"" P Motorsäge";011289000;011289000;1;OBSERVED_CONSECUTIVE_EXACT_HITS_ONLY;FALSE
"Motorzaag / Benzine 051 .404"" P Motorsäge";"051 .404"" P Motorsäge";011300000;011300000;1;OBSERVED_CONSECUTIVE_EXACT_HITS_ONLY;FALSE
Gereedschappen HOS Schärfgerät;Gereedschappen HOS Schärfgerät;011356000;011356000;1;OBSERVED_CONSECUTIVE_EXACT_HITS_ONLY;FALSE
"Motorzaag / Benzine 08 S .404""7Z-P- STIHL Motorsäge";"08 S .404""7Z-P- STIHL Motorsäge";011358000;011358000;1;OBSERVED_CONSECUTIVE_EXACT_HITS_ONLY;FALSE
"Motorzaag / Benzine 08 S .404""7Z-P- STIHL Motorsäge";"08 S .404""7Z-P- STIHL Motorsäge";011359000;011359000;1;OBSERVED_CONSECUTIVE_EXACT_HITS_ONLY;FALSE
"Motorzaag / Benzine 08 S .404""7Z-P- STIHL Motorsäge";"08 S .404""7Z-P- STIHL Motorsäge";011360000;011360000;1;OBSERVED_CONSECUTIVE_EXACT_HITS_ONLY;FALSE
"Motorzaag / Benzine 08 S .404""7Z-P- STIHL Motorsäge";"08 S .404""7Z-P- STIHL Motorsäge";011361000;011361000;1;OBSERVED_CONSECUTIVE_EXACT_HITS_ONLY;FALSE
"Motorzaag / Benzine 08 S .404""7Z-P- STIHL Motorsäge";"08 S .404""7Z-P- STIHL Motorsäge";011362000;011362000;1;OBSERVED_CONSECUTIVE_EXACT_HITS_ONLY;FALSE
"Motorzaag / Benzine 08 S .404""7Z-P- STIHL Motorsäge";"08 S .404""7Z-P- STIHL Motorsäge";011363000;011363000;1;OBSERVED_CONSECUTIVE_EXACT_HITS_ONLY;FALSE
"Motorzaag / Benzine 08 S .404""7Z-P- STIHL Motorsäge";"08 S .404""7Z-P- STIHL Motorsäge";011364000;011364000;1;OBSERVED_CONSECUTIVE_EXACT_HITS_ONLY;FALSE
"Motorzaag / Benzine 08 S .404""7Z-P- STIHL Motorsäge";"08 S .404""7Z-P- STIHL Motorsäge";011365000;011365000;1;OBSERVED_CONSECUTIVE_EXACT_HITS_ONLY;FALSE
"Motorzaag / Benzine 08 S .404""7Z-P- STIHL Motorsäge";"08 S .404""7Z-P- STIHL Motorsäge";011366000;011366000;1;OBSERVED_CONSECUTIVE_EXACT_HITS_ONLY;FALSE
Motorzaag / Benzine 08 SQ STIHL Motorsäge;08 SQ STIHL Motorsäge;011367000;011367000;1;OBSERVED_CONSECUTIVE_EXACT_HITS_ONLY;FALSE
Motorzaag / Benzine 08 SQ STIHL Motorsäge;08 SQ STIHL Motorsäge;011368000;011368000;1;OBSERVED_CONSECUTIVE_EXACT_HITS_ONLY;FALSE
"Motorzaag / Benzine 08 S .404""7Z-P- STIHL Motorsäge";"08 S .404""7Z-P- STIHL Motorsäge";011369000;011369000;1;OBSERVED_CONSECUTIVE_EXACT_HITS_ONLY;FALSE
"Motorzaag / Benzine 08 S .404""7Z-P- STIHL Motorsäge";"08 S .404""7Z-P- STIHL Motorsäge";011370000;011370000;1;OBSERVED_CONSECUTIVE_EXACT_HITS_ONLY;FALSE
"Motorzaag / Benzine 08 S .404""7Z-P- STIHL Motorsäge";"08 S .404""7Z-P- STIHL Motorsäge";011371000;011371000;1;OBSERVED_CONSECUTIVE_EXACT_HITS_ONLY;FALSE
"Motorzaag / Benzine 08 S .404""7Z-P- STIHL Motorsäge";"08 S .404""7Z-P- STIHL Motorsäge";011372000;011372000;1;OBSERVED_CONSECUTIVE_EXACT_HITS_ONLY;FALSE
"Motorzaag / Benzine 08 S .404""7Z-P- STIHL Motorsäge";"08 S .404""7Z-P- STIHL Motorsäge";011373000;011373000;1;OBSERVED_CONSECUTIVE_EXACT_HITS_ONLY;FALSE
"Motorzaag / Benzine 08 S .404""7Z-P- STIHL Motorsäge";"08 S .404""7Z-P- STIHL Motorsäge";011374000;011374000;1;OBSERVED_CONSECUTIVE_EXACT_HITS_ONLY;FALSE
"Motorzaag / Benzine 08 S .404""7Z-P- STIHL Motorsäge";"08 S .404""7Z-P- STIHL Motorsäge";011375000;011375000;1;OBSERVED_CONSECUTIVE_EXACT_HITS_ONLY;FALSE
"Motorzaag / Benzine 08 S .404""7Z-P- STIHL Motorsäge";"08 S .404""7Z-P- STIHL Motorsäge";011376000;011376000;1;OBSERVED_CONSECUTIVE_EXACT_HITS_ONLY;FALSE
Motorzaag / Benzine 08 SQ STIHL Motorsäge;08 SQ STIHL Motorsäge;011377000;011377000;1;OBSERVED_CONSECUTIVE_EXACT_HITS_ONLY;FALSE
"Motorzaag / Benzine 070 .404"" P Motorsäge";"070 .404"" P Motorsäge";011379000;011379000;1;OBSERVED_CONSECUTIVE_EXACT_HITS_ONLY;FALSE
"Motorzaag / Benzine 070 .404"" P Motorsäge";"070 .404"" P Motorsäge";011380000;011380000;1;OBSERVED_CONSECUTIVE_EXACT_HITS_ONLY;FALSE
"Motorzaag / Benzine 070 .404"" P Motorsäge";"070 .404"" P Motorsäge";011381000;011381000;1;OBSERVED_CONSECUTIVE_EXACT_HITS_ONLY;FALSE
"Motorzaag / Benzine 070 .404"" P Motorsäge";"070 .404"" P Motorsäge";011382000;011382000;1;OBSERVED_CONSECUTIVE_EXACT_HITS_ONLY;FALSE
"Motorzaag / Benzine 070 .404"" P Motorsäge";"070 .404"" P Motorsäge";011383000;011383000;1;OBSERVED_CONSECUTIVE_EXACT_HITS_ONLY;FALSE
Algemeen gemotoriseerd MEAN TS350 S Ersatzmotor;Algemeen gemotoriseerd MEAN TS350 S Ersatzmotor;011384000;011384000;1;OBSERVED_CONSECUTIVE_EXACT_HITS_ONLY;FALSE
"Motorzaag / Benzine 08 S .404""7Z-P- STIHL Motorsäge";"08 S .404""7Z-P- STIHL Motorsäge";011430000;011430000;1;OBSERVED_CONSECUTIVE_EXACT_HITS_ONLY;FALSE
Algemeen gemotoriseerd / Benzine 08 S Ersatzmotor;08 S Ersatzmotor;011439000;011439000;1;OBSERVED_CONSECUTIVE_EXACT_HITS_ONLY;FALSE
"Motorzaag / Benzine 08 S .404""7Z-P- STIHL Motorsäge";"08 S .404""7Z-P- STIHL Motorsäge";011440000;011440000;1;OBSERVED_CONSECUTIVE_EXACT_HITS_ONLY;FALSE
"Motorzaag / Benzine MS 460-RZ 3/8"" RIM Magnum Motorsäge";"MS 460-RZ 3/8"" RIM Magnum Motorsäge";163000000;163000000;1;OBSERVED_CONSECUTIVE_EXACT_HITS_ONLY;FALSE
"Heggenschaar / Benzine HS 45 Heckenschere, 600mm/24""";"HS 45 Heckenschere, 600mm/24""";163100000;163100000;1;OBSERVED_CONSECUTIVE_EXACT_HITS_ONLY;FALSE
"Motorzaag / Benzine MS 260-W .325"" P Motorsäge";"MS 260-W .325"" P Motorsäge";163148080;163148080;1;OBSERVED_CONSECUTIVE_EXACT_HITS_ONLY;FALSE
"Heggenschaar / Benzine HS 45 Heckenschere, 600mm/24""";"HS 45 Heckenschere, 600mm/24""";163158080;163158080;1;OBSERVED_CONSECUTIVE_EXACT_HITS_ONLY;FALSE
"Hoogsnoeier / Benzine HT 75 3/8""P P Hoch-Entaster";"HT 75 3/8""P P Hoch-Entaster";163178080;163178080;1;OBSERVED_CONSECUTIVE_EXACT_HITS_ONLY;FALSE
"Motorzaag / Elektrisch MSE 180 C-BQ 3/8""P Elektro-Motorsäge";"MSE 180 C-BQ 3/8""P Elektro-Motorsäge";163188080;163188080;1;OBSERVED_CONSECUTIVE_EXACT_HITS_ONLY;FALSE
Doorslijpmachine / Benzine TS 400-Z Trennschleifer;TS 400-Z Trennschleifer;163198080;163198080;1;OBSERVED_CONSECUTIVE_EXACT_HITS_ONLY;FALSE
Doorslijpmachine / Benzine TS 400-Z Trennschleifer;TS 400-Z Trennschleifer;163200000;163200000;1;OBSERVED_CONSECUTIVE_EXACT_HITS_ONLY;FALSE
Bosmaaier / Benzine FS 120 Motorsense;FS 120 Motorsense;163208080;163208080;1;OBSERVED_CONSECUTIVE_EXACT_HITS_ONLY;FALSE
"Motorzaag / Benzine MS 230 3/8""P Motorsäge";"MS 230 3/8""P Motorsäge";163218080;163218080;1;OBSERVED_CONSECUTIVE_EXACT_HITS_ONLY;FALSE
"Motorzaag / Benzine MS 230 3/8""P Motorsäge";"MS 230 3/8""P Motorsäge";163238080;163238080;1;OBSERVED_CONSECUTIVE_EXACT_HITS_ONLY;FALSE
Bosmaaier / Benzine FS 80 Motorsense;FS 80 Motorsense;163248080;163248080;1;OBSERVED_CONSECUTIVE_EXACT_HITS_ONLY;FALSE
"Toebehoren / Benzine HS 246 600mm/24"" Heckenschere";"HS 246 600mm/24"" Heckenschere";163258080;163258080;1;OBSERVED_CONSECUTIVE_EXACT_HITS_ONLY;FALSE
"Motorzaag / Benzine MS 260 .325"" P Motorsäge";"MS 260 .325"" P Motorsäge";163268080;163268080;1;OBSERVED_CONSECUTIVE_EXACT_HITS_ONLY;FALSE
"Motorzaag / Benzine MS 440 3/8"" R Motorsäge";"MS 440 3/8"" R Motorsäge";163278080;163278080;1;OBSERVED_CONSECUTIVE_EXACT_HITS_ONLY;FALSE
Bosmaaier / Benzine FS 85 Motorsense;FS 85 Motorsense;163288080;163288080;1;OBSERVED_CONSECUTIVE_EXACT_HITS_ONLY;FALSE
"Motorzaag / Benzine MS 290 3/8"" P Motorsäge";"MS 290 3/8"" P Motorsäge";163298080;163298080;1;OBSERVED_CONSECUTIVE_EXACT_HITS_ONLY;FALSE
Bosmaaier / Benzine FS 55 Motorsense;FS 55 Motorsense;163300000;163300000;1;OBSERVED_CONSECUTIVE_EXACT_HITS_ONLY;FALSE
Bosmaaier / Benzine FS 400 Freischneider;FS 400 Freischneider;163308080;163308080;1;OBSERVED_CONSECUTIVE_EXACT_HITS_ONLY;FALSE
"Motorzaag / Benzine MS 210 C-BE 3/8""P P Motorsäge";"MS 210 C-BE 3/8""P P Motorsäge";163318080;163318080;1;OBSERVED_CONSECUTIVE_EXACT_HITS_ONLY;FALSE
Bosmaaier / Benzine FS 350 Freischneider;FS 350 Freischneider;163328080;163328080;1;OBSERVED_CONSECUTIVE_EXACT_HITS_ONLY;FALSE
Bosmaaier / Benzine FS 55 R Motorsense;FS 55 R Motorsense;163338080;163338080;1;OBSERVED_CONSECUTIVE_EXACT_HITS_ONLY;FALSE
"Motorzaag / Benzine MS 230 C-BE .325"" P Motorsäge";"MS 230 C-BE .325"" P Motorsäge";163348080;163348080;1;OBSERVED_CONSECUTIVE_EXACT_HITS_ONLY;FALSE
"Motorzaag / Benzine MS 230 C-BE Z .325"" P WoodBoss Motorsäge";"MS 230 C-BE Z .325"" P WoodBoss Motorsäge";163358080;163358080;1;OBSERVED_CONSECUTIVE_EXACT_HITS_ONLY;FALSE
Doorslijpmachine / Benzine TS 400-Z Trennschleifer;TS 400-Z Trennschleifer;163368080;163368080;1;OBSERVED_CONSECUTIVE_EXACT_HITS_ONLY;FALSE
"Motorzaag / Benzine 070 .404"" P Motorsäge";"070 .404"" P Motorsäge";163378080;163378080;1;OBSERVED_CONSECUTIVE_EXACT_HITS_ONLY;FALSE
"Heggenschaar / Benzine HS 75 Heckenschere,600mm/24""";"HS 75 Heckenschere,600mm/24""";163388080;163388080;1;OBSERVED_CONSECUTIVE_EXACT_HITS_ONLY;FALSE
Zuighakselaar / Benzine SH 85 SaugHäcksler;SH 85 SaugHäcksler;163398080;163398080;1;OBSERVED_CONSECUTIVE_EXACT_HITS_ONLY;FALSE
Doorslijpmachine / Benzine TS 400 Trennschleifer;TS 400 Trennschleifer;163400000;163400000;1;OBSERVED_CONSECUTIVE_EXACT_HITS_ONLY;FALSE
"Motorzaag / Benzine MS 310 3/8"" P Motorsäge";"MS 310 3/8"" P Motorsäge";163418080;163418080;1;OBSERVED_CONSECUTIVE_EXACT_HITS_ONLY;FALSE
"Motorzaag / Benzine MS 390 3/8"" P Motorsäge";"MS 390 3/8"" P Motorsäge";163428080;163428080;1;OBSERVED_CONSECUTIVE_EXACT_HITS_ONLY;FALSE
"Heggenschaar / Benzine HS 80 Heckenschere,600mm/24""";"HS 80 Heckenschere,600mm/24""";163438080;163438080;1;OBSERVED_CONSECUTIVE_EXACT_HITS_ONLY;FALSE
"Motorzaag / Benzine MS 230 3/8""P Motorsäge";"MS 230 3/8""P Motorsäge";163458080;163458080;1;OBSERVED_CONSECUTIVE_EXACT_HITS_ONLY;FALSE
Bosmaaier / Benzine FS 400 Freischneider;FS 400 Freischneider;163468080;163468080;1;OBSERVED_CONSECUTIVE_EXACT_HITS_ONLY;FALSE
"Motorzaag / Benzine MS 250 C-BE Z .325"" P WoodBoss Motorsäge";"MS 250 C-BE Z .325"" P WoodBoss Motorsäge";163478080;163478080;1;OBSERVED_CONSECUTIVE_EXACT_HITS_ONLY;FALSE
Bosmaaier / Benzine FS 55 Motorsense;FS 55 Motorsense;163488080;163488080;1;OBSERVED_CONSECUTIVE_EXACT_HITS_ONLY;FALSE
Bosmaaier / Benzine FS 480-K Freischneider;FS 480-K Freischneider;163498080;163498080;1;OBSERVED_CONSECUTIVE_EXACT_HITS_ONLY;FALSE
"Motorzaag / Benzine MS 650-Z 3/8"" RIM Magnum Motorsäge";"MS 650-Z 3/8"" RIM Magnum Motorsäge";163500000;163500000;1;OBSERVED_CONSECUTIVE_EXACT_HITS_ONLY;FALSE
"Doorslijpmachine / Benzine TS 700-Z Trennschleifer, 350mm/14""";"TS 700-Z Trennschleifer, 350mm/14""";163518080;163518080;1;OBSERVED_CONSECUTIVE_EXACT_HITS_ONLY;FALSE
Doorslijpmachine / Benzine TS 400 Trennschleifer;TS 400 Trennschleifer;163538080;163538080;1;OBSERVED_CONSECUTIVE_EXACT_HITS_ONLY;FALSE
Bosmaaier / Benzine FS 300 Freischneider;FS 300 Freischneider;163548080;163548080;1;OBSERVED_CONSECUTIVE_EXACT_HITS_ONLY;FALSE
Bosmaaier / Benzine FS 55 Motorsense;FS 55 Motorsense;163558080;163558080;1;OBSERVED_CONSECUTIVE_EXACT_HITS_ONLY;FALSE
"Motorzaag / Benzine MS 260 .325"" P Motorsäge";"MS 260 .325"" P Motorsäge";163568080;163568080;1;OBSERVED_CONSECUTIVE_EXACT_HITS_ONLY;FALSE
Bosmaaier / Benzine FS 80 Motorsense;FS 80 Motorsense;163578080;163578080;1;OBSERVED_CONSECUTIVE_EXACT_HITS_ONLY;FALSE
"Motorzaag / Benzine 070 .404"" P Motorsäge";"070 .404"" P Motorsäge";163588080;163588080;1;OBSERVED_CONSECUTIVE_EXACT_HITS_ONLY;FALSE
"Motorzaag / Benzine MS 260 .325"" P Motorsäge";"MS 260 .325"" P Motorsäge";163598080;163598080;1;OBSERVED_CONSECUTIVE_EXACT_HITS_ONLY;FALSE
Bosmaaier / Benzine FS 55 RC-E Motorsense;FS 55 RC-E Motorsense;163600000;163600000;1;OBSERVED_CONSECUTIVE_EXACT_HITS_ONLY;FALSE
"Motorzaag / Benzine MS 440-Z 3/8"" RIM Magnum Motorsäge";"MS 440-Z 3/8"" RIM Magnum Motorsäge";163608080;163608080;1;OBSERVED_CONSECUTIVE_EXACT_HITS_ONLY;FALSE
Bosmaaier / Benzine FS 120 Motorsense;FS 120 Motorsense;163618080;163618080;1;OBSERVED_CONSECUTIVE_EXACT_HITS_ONLY;FALSE
Doorslijpmachine / Benzine TS 400-Z Trennschleifer;TS 400-Z Trennschleifer;163628080;163628080;1;OBSERVED_CONSECUTIVE_EXACT_HITS_ONLY;FALSE
Combimotor / Benzine KM 85 R;KM 85 R;163638080;163638080;1;OBSERVED_CONSECUTIVE_EXACT_HITS_ONLY;FALSE
"Heggenschaar / Benzine HS 85 Heckenschere,750mm/30""";"HS 85 Heckenschere,750mm/30""";163648080;163648080;1;OBSERVED_CONSECUTIVE_EXACT_HITS_ONLY;FALSE
"Motorzaag / Benzine MS 660-RVWZ 3/8"" RIM Mag Arctic";"MS 660-RVWZ 3/8"" RIM Mag Arctic";163658080;163658080;1;OBSERVED_CONSECUTIVE_EXACT_HITS_ONLY;FALSE
Bosmaaier / Benzine FS 480 Freischneider;FS 480 Freischneider;163668080;163668080;1;OBSERVED_CONSECUTIVE_EXACT_HITS_ONLY;FALSE
Doorslijpmachine / Benzine TS 400-Z Trennschleifer;TS 400-Z Trennschleifer;163678080;163678080;1;OBSERVED_CONSECUTIVE_EXACT_HITS_ONLY;FALSE
"Motorzaag / Benzine MS 230 3/8""P Motorsäge";"MS 230 3/8""P Motorsäge";163688080;163688080;1;OBSERVED_CONSECUTIVE_EXACT_HITS_ONLY;FALSE
"Motorzaag / Benzine MS 440 3/8"" R Motorsäge";"MS 440 3/8"" R Motorsäge";163698080;163698080;1;OBSERVED_CONSECUTIVE_EXACT_HITS_ONLY;FALSE
"Motorzaag / Benzine MS 250 3/8""P Motorsäge";"MS 250 3/8""P Motorsäge";163700000;163700000;1;OBSERVED_CONSECUTIVE_EXACT_HITS_ONLY;FALSE
Doorslijpmachine / Benzine TS 400-Z Trennschleifer;TS 400-Z Trennschleifer;163708080;163708080;1;OBSERVED_CONSECUTIVE_EXACT_HITS_ONLY;FALSE
"Hoogsnoeier / Benzine HT 75-Z 3/8""P P Hoch-Entaster";"HT 75-Z 3/8""P P Hoch-Entaster";163718080;163718080;1;OBSERVED_CONSECUTIVE_EXACT_HITS_ONLY;FALSE
Zuighakselaar / Benzine SH 85 SaugHäcksler;SH 85 SaugHäcksler;163728080;163728080;1;OBSERVED_CONSECUTIVE_EXACT_HITS_ONLY;FALSE
Doorslijpmachine / Benzine TS 400-Z Trennschleifer;TS 400-Z Trennschleifer;163738080;163738080;1;OBSERVED_CONSECUTIVE_EXACT_HITS_ONLY;FALSE
"Motorzaag / Benzine MS 650-Z 3/8"" RIM Magnum Motorsäge";"MS 650-Z 3/8"" RIM Magnum Motorsäge";163748080;163748080;1;OBSERVED_CONSECUTIVE_EXACT_HITS_ONLY;FALSE
Bosmaaier / Benzine FS 300 Freischneider;FS 300 Freischneider;163758080;163758080;1;OBSERVED_CONSECUTIVE_EXACT_HITS_ONLY;FALSE
Doorslijpmachine / Benzine TS 400 Trennschleifer;TS 400 Trennschleifer;163768080;163768080;1;OBSERVED_CONSECUTIVE_EXACT_HITS_ONLY;FALSE
Bosmaaier / Benzine FS 350 Freischneider;FS 350 Freischneider;163778080;163778080;1;OBSERVED_CONSECUTIVE_EXACT_HITS_ONLY;FALSE
"Motorzaag / Benzine MS 070 AV .404"" P Motorsäge";"MS 070 AV .404"" P Motorsäge";163788080;163788080;1;OBSERVED_CONSECUTIVE_EXACT_HITS_ONLY;FALSE
Doorslijpmachine / Benzine TS 400-Z Trennschleifer;TS 400-Z Trennschleifer;163798080;163798080;1;OBSERVED_CONSECUTIVE_EXACT_HITS_ONLY;FALSE
Bosmaaier / Benzine FS 55 R Motorsense;FS 55 R Motorsense;163800000;163800000;1;OBSERVED_CONSECUTIVE_EXACT_HITS_ONLY;FALSE
Doorslijpmachine / Benzine TS 400-Z Trennschleifer;TS 400-Z Trennschleifer;163818080;163818080;1;OBSERVED_CONSECUTIVE_EXACT_HITS_ONLY;FALSE
"Motorzaag / Benzine 070 .404"" P Motorsäge";"070 .404"" P Motorsäge";163828080;163828080;1;OBSERVED_CONSECUTIVE_EXACT_HITS_ONLY;FALSE
Bosmaaier / Benzine FS 55 Motorsense;FS 55 Motorsense;163838080;163838080;1;OBSERVED_CONSECUTIVE_EXACT_HITS_ONLY;FALSE
"Heggenschaar / Benzine HS 85 Heckenschere,750mm/30""";"HS 85 Heckenschere,750mm/30""";163868080;163868080;1;OBSERVED_CONSECUTIVE_EXACT_HITS_ONLY;FALSE
Bosmaaier / Benzine FS 250 Motorsense;FS 250 Motorsense;163878080;163878080;1;OBSERVED_CONSECUTIVE_EXACT_HITS_ONLY;FALSE
Bosmaaier / Benzine FS 55 Motorsense;FS 55 Motorsense;163888080;163888080;1;OBSERVED_CONSECUTIVE_EXACT_HITS_ONLY;FALSE
"Motorzaag / Benzine MS 440-Z 3/8"" RIM Magnum Motorsäge";"MS 440-Z 3/8"" RIM Magnum Motorsäge";163898080;163898080;1;OBSERVED_CONSECUTIVE_EXACT_HITS_ONLY;FALSE
"Motorzaag / Benzine MS 250 C-BE Z .325"" P WoodBoss Motorsäge";"MS 250 C-BE Z .325"" P WoodBoss Motorsäge";163900000;163900000;1;OBSERVED_CONSECUTIVE_EXACT_HITS_ONLY;FALSE
"Motorzaag / Benzine MS 250 C-BE .325"" P Motorsäge";"MS 250 C-BE .325"" P Motorsäge";163908080;163908080;1;OBSERVED_CONSECUTIVE_EXACT_HITS_ONLY;FALSE
Bosmaaier / Benzine FS 120 Motorsense;FS 120 Motorsense;163918080;163918080;1;OBSERVED_CONSECUTIVE_EXACT_HITS_ONLY;FALSE
"Motorzaag / Benzine MS 440 3/8"" R Motorsäge";"MS 440 3/8"" R Motorsäge";163928080;163928080;1;OBSERVED_CONSECUTIVE_EXACT_HITS_ONLY;FALSE
"Heggenschaar / Benzine HS 45 Heckenschere, 450mm/18""";"HS 45 Heckenschere, 450mm/18""";163938080;163938080;1;OBSERVED_CONSECUTIVE_EXACT_HITS_ONLY;FALSE
Bosmaaier / Benzine FS 350 Freischneider;FS 350 Freischneider;163948080;163948080;1;OBSERVED_CONSECUTIVE_EXACT_HITS_ONLY;FALSE
"Motorzaag / Benzine MS 460-RZ 3/8"" RIM Mag Rescue Motorsäge";"MS 460-RZ 3/8"" RIM Mag Rescue Motorsäge";163968080;163968080;1;OBSERVED_CONSECUTIVE_EXACT_HITS_ONLY;FALSE
Bladblazer / Benzine BG 55 Blasgerät;BG 55 Blasgerät;163978080;163978080;1;OBSERVED_CONSECUTIVE_EXACT_HITS_ONLY;FALSE
"Motorzaag / Benzine MS 650 3/8"" R Motorsäge";"MS 650 3/8"" R Motorsäge";163988080;163988080;1;OBSERVED_CONSECUTIVE_EXACT_HITS_ONLY;FALSE
"Motorzaag / Benzine MS 260 .325"" P Motorsäge";"MS 260 .325"" P Motorsäge";163998080;163998080;1;OBSERVED_CONSECUTIVE_EXACT_HITS_ONLY;FALSE
"Motorzaag / Benzine MS 230 3/8""P Motorsäge";"MS 230 3/8""P Motorsäge";164000000;164000000;1;OBSERVED_CONSECUTIVE_EXACT_HITS_ONLY;FALSE
Bosmaaier / Benzine FS 450 Freischneider;FS 450 Freischneider;164008080;164008080;1;OBSERVED_CONSECUTIVE_EXACT_HITS_ONLY;FALSE
Doorslijpmachine / Benzine TS 400 Trennschleifer;TS 400 Trennschleifer;164018080;164018080;1;OBSERVED_CONSECUTIVE_EXACT_HITS_ONLY;FALSE
"Motorzaag / Benzine MS 260 .325"" R FarmBoss Motorsäge";"MS 260 .325"" R FarmBoss Motorsäge";164028080;164028080;1;OBSERVED_CONSECUTIVE_EXACT_HITS_ONLY;FALSE
"Heggenschaar / Benzine HS 80 Heckenschere,750mm/30""";"HS 80 Heckenschere,750mm/30""";164048080;164048080;1;OBSERVED_CONSECUTIVE_EXACT_HITS_ONLY;FALSE
"Heggenschaar / Benzine HS 80 Heckenschere,750mm/30""";"HS 80 Heckenschere,750mm/30""";164058080;164058080;1;OBSERVED_CONSECUTIVE_EXACT_HITS_ONLY;FALSE
"Motorzaag / Benzine MS 210 C-BE 3/8""P P Motorsäge";"MS 210 C-BE 3/8""P P Motorsäge";164068080;164068080;1;OBSERVED_CONSECUTIVE_EXACT_HITS_ONLY;FALSE
"Motorzaag / Benzine MS 210 C-BE 3/8""P P Motorsäge";"MS 210 C-BE 3/8""P P Motorsäge";164078080;164078080;1;OBSERVED_CONSECUTIVE_EXACT_HITS_ONLY;FALSE
"Heggenschaar / Benzine HS 75 Heckenschere,500mm/20""";"HS 75 Heckenschere,500mm/20""";164088080;164088080;1;OBSERVED_CONSECUTIVE_EXACT_HITS_ONLY;FALSE
Bosmaaier / Benzine FS 55 C-E Motorsense;FS 55 C-E Motorsense;164098080;164098080;1;OBSERVED_CONSECUTIVE_EXACT_HITS_ONLY;FALSE
Zuighakselaar / Benzine SH 85 SaugHäcksler;SH 85 SaugHäcksler;164100000;164100000;1;OBSERVED_CONSECUTIVE_EXACT_HITS_ONLY;FALSE
Doorslijpmachine / Benzine TS 400 Trennschleifer;TS 400 Trennschleifer;164108080;164108080;1;OBSERVED_CONSECUTIVE_EXACT_HITS_ONLY;FALSE
"Motorzaag / Benzine MS 440-Z 3/8"" RIM Magnum Motorsäge";"MS 440-Z 3/8"" RIM Magnum Motorsäge";164200000;164200000;1;OBSERVED_CONSECUTIVE_EXACT_HITS_ONLY;FALSE
Bosmaaier / Benzine FS 550 Freischneider;FS 550 Freischneider;164400000;164400000;1;OBSERVED_CONSECUTIVE_EXACT_HITS_ONLY;FALSE
Doorslijpmachine / Benzine TS 400 Trennschleifer;TS 400 Trennschleifer;164500000;164500000;1;OBSERVED_CONSECUTIVE_EXACT_HITS_ONLY;FALSE
"Motorzaag / Elektrisch MSE 160 C-Q 3/8""P Elektro-Motorsäge";"MSE 160 C-Q 3/8""P Elektro-Motorsäge";164600000;164600000;1;OBSERVED_CONSECUTIVE_EXACT_HITS_ONLY;FALSE
"Motorzaag / Benzine MS 260 .325"" P Motorsäge";"MS 260 .325"" P Motorsäge";164700000;164700000;1;OBSERVED_CONSECUTIVE_EXACT_HITS_ONLY;FALSE
"Heggenschaar / Benzine HS 81 R Cutter Heckenschere, 600mm/24""";"HS 81 R Cutter Heckenschere, 600mm/24""";164800000;164800000;1;OBSERVED_CONSECUTIVE_EXACT_HITS_ONLY;FALSE
Doorslijpmachine / Benzine TS 400;TS 400;165000000;165000000;1;OBSERVED_CONSECUTIVE_EXACT_HITS_ONLY;FALSE
Bosmaaier / Benzine FS 55 Motorsense;FS 55 Motorsense;165100000;165100000;1;OBSERVED_CONSECUTIVE_EXACT_HITS_ONLY;FALSE
Combimotor / Benzine KM 85 R;KM 85 R;165200000;165200000;1;OBSERVED_CONSECUTIVE_EXACT_HITS_ONLY;FALSE
Bladblazer / Benzine BG 85 Blasgerät;BG 85 Blasgerät;165300000;165300000;1;OBSERVED_CONSECUTIVE_EXACT_HITS_ONLY;FALSE
Combimotor / Benzine KM 85 R;KM 85 R;165400000;165400000;1;OBSERVED_CONSECUTIVE_EXACT_HITS_ONLY;FALSE
"Heggenschaar / Benzine HS 45 Heckenschere, 450mm/18""";"HS 45 Heckenschere, 450mm/18""";165500000;165500000;1;OBSERVED_CONSECUTIVE_EXACT_HITS_ONLY;FALSE
"Motorzaag / Benzine MS 250 .325"" Motorsäge";"MS 250 .325"" Motorsäge";165700000;165700000;1;OBSERVED_CONSECUTIVE_EXACT_HITS_ONLY;FALSE
"Motorzaag / Benzine MS 260 C-B .325"" P Motorsäge";"MS 260 C-B .325"" P Motorsäge";165800000;165800000;1;OBSERVED_CONSECUTIVE_EXACT_HITS_ONLY;FALSE
"Motorzaag / Benzine MS 290 3/8"" P Motorsäge";"MS 290 3/8"" P Motorsäge";165900000;165900000;1;OBSERVED_CONSECUTIVE_EXACT_HITS_ONLY;FALSE
"Motorzaag / Benzine MS 230 3/8""P Motorsäge";"MS 230 3/8""P Motorsäge";166000000;166000000;1;OBSERVED_CONSECUTIVE_EXACT_HITS_ONLY;FALSE
Doorslijpmachine / Benzine TS 400;TS 400;166100000;166100000;1;OBSERVED_CONSECUTIVE_EXACT_HITS_ONLY;FALSE
Zuighakselaar / Benzine SH 85 SaugHäcksler;SH 85 SaugHäcksler;166200000;166200000;1;OBSERVED_CONSECUTIVE_EXACT_HITS_ONLY;FALSE
"Motorzaag / Benzine MS 390 3/8"" P Motorsäge";"MS 390 3/8"" P Motorsäge";166300000;166300000;1;OBSERVED_CONSECUTIVE_EXACT_HITS_ONLY;FALSE
"Heggenschaar / Benzine HS 86 R Heckenschere, 750mm/30""";"HS 86 R Heckenschere, 750mm/30""";166500000;166500000;1;OBSERVED_CONSECUTIVE_EXACT_HITS_ONLY;FALSE
"Motorzaag / Benzine MS 230 3/8""P Motorsäge";"MS 230 3/8""P Motorsäge";166600000;166600000;1;OBSERVED_CONSECUTIVE_EXACT_HITS_ONLY;FALSE
"Motorzaag / Benzine MS 290 3/8"" P Motorsäge";"MS 290 3/8"" P Motorsäge";166700000;166700000;1;OBSERVED_CONSECUTIVE_EXACT_HITS_ONLY;FALSE
Bladblazer / Benzine BG 85 Blasgerät;BG 85 Blasgerät;166800000;166800000;1;OBSERVED_CONSECUTIVE_EXACT_HITS_ONLY;FALSE
"Motorzaag / Benzine MS 260 C-B .325"" P Motorsäge";"MS 260 C-B .325"" P Motorsäge";166900000;166900000;1;OBSERVED_CONSECUTIVE_EXACT_HITS_ONLY;FALSE
Doorslijpmachine / Benzine TS 400;TS 400;167000000;167000000;1;OBSERVED_CONSECUTIVE_EXACT_HITS_ONLY;FALSE
"Motorzaag / Elektrisch MSE 140 C-Q 3/8""P Elektro-Motorsäge";"MSE 140 C-Q 3/8""P Elektro-Motorsäge";167100000;167100000;1;OBSERVED_CONSECUTIVE_EXACT_HITS_ONLY;FALSE
Heggenschaar / Benzine HL 75 K Heckenschneider;HL 75 K Heckenschneider;167200000;167200000;1;OBSERVED_CONSECUTIVE_EXACT_HITS_ONLY;FALSE
"Motorzaag / Benzine MS 310 3/8"" P Motorsäge";"MS 310 3/8"" P Motorsäge";167300000;167300000;1;OBSERVED_CONSECUTIVE_EXACT_HITS_ONLY;FALSE
Bosmaaier / Benzine FS 480 Freischneider;FS 480 Freischneider;167400000;167400000;1;OBSERVED_CONSECUTIVE_EXACT_HITS_ONLY;FALSE
Combimotor / Benzine KM 55 R KombiMotor;KM 55 R KombiMotor;167600000;167600000;1;OBSERVED_CONSECUTIVE_EXACT_HITS_ONLY;FALSE
Bosmaaier / Benzine FS 120 Motorsense;FS 120 Motorsense;167700000;167700000;1;OBSERVED_CONSECUTIVE_EXACT_HITS_ONLY;FALSE
"Motorzaag / Benzine MS 260 .325"" P Motorsäge";"MS 260 .325"" P Motorsäge";167800000;167800000;1;OBSERVED_CONSECUTIVE_EXACT_HITS_ONLY;FALSE
Bosmaaier / Benzine FS 85 Motorsense;FS 85 Motorsense;167900000;167900000;1;OBSERVED_CONSECUTIVE_EXACT_HITS_ONLY;FALSE
Bosmaaier / Benzine FS 55 Motorsense;FS 55 Motorsense;168100000;168100000;1;OBSERVED_CONSECUTIVE_EXACT_HITS_ONLY;FALSE
"Motorzaag / Elektrisch MSE 140 C-BQ 3/8""P Elektro-Motorsäge";"MSE 140 C-BQ 3/8""P Elektro-Motorsäge";168300000;168300000;1;OBSERVED_CONSECUTIVE_EXACT_HITS_ONLY;FALSE
"Motorzaag / Benzine MS 260 .325"" R FarmBoss Motorsäge";"MS 260 .325"" R FarmBoss Motorsäge";168400000;168400000;1;OBSERVED_CONSECUTIVE_EXACT_HITS_ONLY;FALSE
"Heggenschaar / Benzine HS 81 R Cutter Heckenschere, 600mm/24""";"HS 81 R Cutter Heckenschere, 600mm/24""";168600000;168600000;1;OBSERVED_CONSECUTIVE_EXACT_HITS_ONLY;FALSE
Bosmaaier / Benzine FS 480-KZ Freischneider;FS 480-KZ Freischneider;168900000;168900000;1;OBSERVED_CONSECUTIVE_EXACT_HITS_ONLY;FALSE
Zuighakselaar / Benzine SH 85 SaugHäcksler;SH 85 SaugHäcksler;169000000;169000000;1;OBSERVED_CONSECUTIVE_EXACT_HITS_ONLY;FALSE
Combimotor / Benzine KM 55 R KombiMotor;KM 55 R KombiMotor;169100000;169100000;1;OBSERVED_CONSECUTIVE_EXACT_HITS_ONLY;FALSE
"Motorzaag / Benzine MS 250 3/8""P Motorsäge";"MS 250 3/8""P Motorsäge";169200000;169200000;1;OBSERVED_CONSECUTIVE_EXACT_HITS_ONLY;FALSE
"Motorzaag / Benzine MS 390-Z 3/8"" P FarmBoss Motorsäge";"MS 390-Z 3/8"" P FarmBoss Motorsäge";169300000;169300000;1;OBSERVED_CONSECUTIVE_EXACT_HITS_ONLY;FALSE
"Motorzaag / Benzine MS 260 .325"" R Motorsäge";"MS 260 .325"" R Motorsäge";169400000;169400000;1;OBSERVED_CONSECUTIVE_EXACT_HITS_ONLY;FALSE
"Doorslijpmachine / Benzine TS 420-Z Trennschleifer, 350mm/14""";"TS 420-Z Trennschleifer, 350mm/14""";169500000;169500000;1;OBSERVED_CONSECUTIVE_EXACT_HITS_ONLY;FALSE
"Motorzaag / Benzine MS 660-Z 3/8"" R Magnum Motorsäge";"MS 660-Z 3/8"" R Magnum Motorsäge";169600000;169600000;1;OBSERVED_CONSECUTIVE_EXACT_HITS_ONLY;FALSE
"Heggenschaar / Benzine HS 81 R Cutter Heckenschere, 600mm/24""";"HS 81 R Cutter Heckenschere, 600mm/24""";169700000;169700000;1;OBSERVED_CONSECUTIVE_EXACT_HITS_ONLY;FALSE
"Motorzaag / Benzine 070 .404"" Motorsäge";"070 .404"" Motorsäge";169800000;169800000;1;OBSERVED_CONSECUTIVE_EXACT_HITS_ONLY;FALSE
"Motorzaag / Benzine MS 250 3/8""P Motorsäge";"MS 250 3/8""P Motorsäge";169900000;169900000;1;OBSERVED_CONSECUTIVE_EXACT_HITS_ONLY;FALSE
Bosmaaier / Benzine FS 450 Freischneider;FS 450 Freischneider;170000000;170000000;1;OBSERVED_CONSECUTIVE_EXACT_HITS_ONLY;FALSE
"Motorzaag / Benzine MS 460 3/8"" R Motorsäge";"MS 460 3/8"" R Motorsäge";170100000;170100000;1;OBSERVED_CONSECUTIVE_EXACT_HITS_ONLY;FALSE
Bosmaaier / Benzine FS 400 Freischneider;FS 400 Freischneider;170200000;170200000;1;OBSERVED_CONSECUTIVE_EXACT_HITS_ONLY;FALSE
"Motorzaag / Benzine MS 250 3/8""P Motorsäge";"MS 250 3/8""P Motorsäge";170300000;170300000;1;OBSERVED_CONSECUTIVE_EXACT_HITS_ONLY;FALSE
Bosmaaier / Benzine FS 450-K Freischneider;FS 450-K Freischneider;170400000;170400000;1;OBSERVED_CONSECUTIVE_EXACT_HITS_ONLY;FALSE
"Motorzaag / Benzine 070 .404"" Motorsäge";"070 .404"" Motorsäge";170500000;170500000;1;OBSERVED_CONSECUTIVE_EXACT_HITS_ONLY;FALSE
Grondboren / Benzine BT 360 Bohrgerät;BT 360 Bohrgerät;170600000;170600000;1;OBSERVED_CONSECUTIVE_EXACT_HITS_ONLY;FALSE
"Motorzaag / Benzine MS 250 .325"" Motorsäge";"MS 250 .325"" Motorsäge";170800000;170800000;1;OBSERVED_CONSECUTIVE_EXACT_HITS_ONLY;FALSE
"Motorzaag / Benzine MS 260 .325"" R FarmBoss Motorsäge";"MS 260 .325"" R FarmBoss Motorsäge";170900000;170900000;1;OBSERVED_CONSECUTIVE_EXACT_HITS_ONLY;FALSE
"Motorzaag / Benzine MS 260 .325"" P Motorsäge";"MS 260 .325"" P Motorsäge";171000000;171000000;1;OBSERVED_CONSECUTIVE_EXACT_HITS_ONLY;FALSE
Bosmaaier / Benzine FS 450 Freischneider;FS 450 Freischneider;171100000;171100000;1;OBSERVED_CONSECUTIVE_EXACT_HITS_ONLY;FALSE
"Motorzaag / Benzine MS 230 .325"" P Motorsäge";"MS 230 .325"" P Motorsäge";171200000;171200000;1;OBSERVED_CONSECUTIVE_EXACT_HITS_ONLY;FALSE
"Motorzaag / Benzine MS 660 3/8""P P Motorsäge";"MS 660 3/8""P P Motorsäge";171300000;171300000;1;OBSERVED_CONSECUTIVE_EXACT_HITS_ONLY;FALSE
"Motorzaag / Benzine MS 250 C-BE 3/8""P Motorsäge";"MS 250 C-BE 3/8""P Motorsäge";171500000;171500000;1;OBSERVED_CONSECUTIVE_EXACT_HITS_ONLY;FALSE
"Motorzaag / Elektrisch MSE 180 C-BQ 3/8""P Elektro-Motorsäge";"MSE 180 C-BQ 3/8""P Elektro-Motorsäge";171700000;171700000;1;OBSERVED_CONSECUTIVE_EXACT_HITS_ONLY;FALSE
Bosmaaier / Benzine FS 450-K Freischneider;FS 450-K Freischneider;171900000;171900000;1;OBSERVED_CONSECUTIVE_EXACT_HITS_ONLY;FALSE
Bosmaaier / Benzine FS 350 Freischneider;FS 350 Freischneider;172000000;172000000;1;OBSERVED_CONSECUTIVE_EXACT_HITS_ONLY;FALSE
Bosmaaier / Benzine FS 450 Freischneider;FS 450 Freischneider;172100000;172100000;1;OBSERVED_CONSECUTIVE_EXACT_HITS_ONLY;FALSE
"Motorzaag / Benzine 070 .404"" Motorsäge";"070 .404"" Motorsäge";172200000;172200000;1;OBSERVED_CONSECUTIVE_EXACT_HITS_ONLY;FALSE
"Motorzaag / Benzine MS 250 C-BE Z .325"" P WoodBoss Motorsäge";"MS 250 C-BE Z .325"" P WoodBoss Motorsäge";172300000;172300000;1;OBSERVED_CONSECUTIVE_EXACT_HITS_ONLY;FALSE
"Motorzaag / Benzine MS 460-Z 3/8"" R Magnum Motorsäge";"MS 460-Z 3/8"" R Magnum Motorsäge";172400000;172400000;1;OBSERVED_CONSECUTIVE_EXACT_HITS_ONLY;FALSE
Bosmaaier / Benzine FS 450 Freischneider;FS 450 Freischneider;172500000;172500000;1;OBSERVED_CONSECUTIVE_EXACT_HITS_ONLY;FALSE
"Motorzaag / Benzine MS 310 3/8"" P Motorsäge";"MS 310 3/8"" P Motorsäge";172600000;172600000;1;OBSERVED_CONSECUTIVE_EXACT_HITS_ONLY;FALSE
"Motorzaag / Benzine MS 250 C-BE .325"" SPUR Motorsäge";"MS 250 C-BE .325"" SPUR Motorsäge";172700000;172700000;1;OBSERVED_CONSECUTIVE_EXACT_HITS_ONLY;FALSE
"Motorzaag / Benzine MS 230 C-BE 3/8""P P Motorsäge";"MS 230 C-BE 3/8""P P Motorsäge";172800000;172800000;1;OBSERVED_CONSECUTIVE_EXACT_HITS_ONLY;FALSE
"Motorzaag / Elektrisch MSE 180 C-BQ 3/8""P Elektro-Motorsäge";"MSE 180 C-BQ 3/8""P Elektro-Motorsäge";173050000;173050000;1;OBSERVED_CONSECUTIVE_EXACT_HITS_ONLY;FALSE
"Doorslijpmachine / Benzine TS 420-Z Trennschleifer, 350mm/14""";"TS 420-Z Trennschleifer, 350mm/14""";173100000;173100000;1;OBSERVED_CONSECUTIVE_EXACT_HITS_ONLY;FALSE
"Motorzaag / Benzine MS 250 .325"" P Motorsäge";"MS 250 .325"" P Motorsäge";173200000;173200000;1;OBSERVED_CONSECUTIVE_EXACT_HITS_ONLY;FALSE
Bosmaaier / Benzine FS 410 C-E Freischneider;FS 410 C-E Freischneider;173250000;173250000;1;OBSERVED_CONSECUTIVE_EXACT_HITS_ONLY;FALSE
Bosmaaier / Benzine FR 450 Freischneider rückentragbar;FR 450 Freischneider rückentragbar;173300000;173300000;1;OBSERVED_CONSECUTIVE_EXACT_HITS_ONLY;FALSE
"Motorzaag / Benzine MS 250 3/8""P P Motorsäge";"MS 250 3/8""P P Motorsäge";173350000;173350000;1;OBSERVED_CONSECUTIVE_EXACT_HITS_ONLY;FALSE
"Motorzaag / Benzine MS 440 3/8"" R Motorsäge";"MS 440 3/8"" R Motorsäge";173400000;173400000;1;OBSERVED_CONSECUTIVE_EXACT_HITS_ONLY;FALSE
Bosmaaier / Benzine FS 410 C-E Freischneider;FS 410 C-E Freischneider;173450000;173450000;1;OBSERVED_CONSECUTIVE_EXACT_HITS_ONLY;FALSE
"Motorzaag / Benzine MS 230-Z .325"" SPUR Motorsäge";"MS 230-Z .325"" SPUR Motorsäge";173500000;173500000;1;OBSERVED_CONSECUTIVE_EXACT_HITS_ONLY;FALSE
"Motorzaag / Benzine MS 260 .325"" P Motorsäge";"MS 260 .325"" P Motorsäge";173550000;173550000;1;OBSERVED_CONSECUTIVE_EXACT_HITS_ONLY;FALSE
"Motorzaag / Benzine MS 440-Z 3/8"" RIM Magnum Motorsäge";"MS 440-Z 3/8"" RIM Magnum Motorsäge";173600000;173600000;1;OBSERVED_CONSECUTIVE_EXACT_HITS_ONLY;FALSE
"Motorzaag / Benzine MS 310 3/8"" P Motorsäge";"MS 310 3/8"" P Motorsäge";173700000;173700000;1;OBSERVED_CONSECUTIVE_EXACT_HITS_ONLY;FALSE
"Motorzaag / Benzine 070 .404"" Motorsäge";"070 .404"" Motorsäge";173750000;173750000;1;OBSERVED_CONSECUTIVE_EXACT_HITS_ONLY;FALSE
Doorslijpmachine / Benzine TS 410;TS 410;173800000;173800000;1;OBSERVED_CONSECUTIVE_EXACT_HITS_ONLY;FALSE
"Motorzaag / Benzine MS 660-Z 3/8"" RIM Magnum Motorsäge";"MS 660-Z 3/8"" RIM Magnum Motorsäge";173850000;173850000;1;OBSERVED_CONSECUTIVE_EXACT_HITS_ONLY;FALSE
"Motorzaag / Benzine MS 650 3/8"" R Magnum Motorsäge";"MS 650 3/8"" R Magnum Motorsäge";173900000;173900000;1;OBSERVED_CONSECUTIVE_EXACT_HITS_ONLY;FALSE
"Motorzaag / Benzine MS 660 .404"" R Magnum Motorsäge";"MS 660 .404"" R Magnum Motorsäge";173950000;173950000;1;OBSERVED_CONSECUTIVE_EXACT_HITS_ONLY;FALSE
"Motorzaag / Benzine MS 440 3/8"" R Motorsäge";"MS 440 3/8"" R Motorsäge";174000000;174000000;1;OBSERVED_CONSECUTIVE_EXACT_HITS_ONLY;FALSE
"Motorzaag / Elektrisch MSE 160 C-BQ 3/8""P Elektro-Motorsäge";"MSE 160 C-BQ 3/8""P Elektro-Motorsäge";174050000;174050000;1;OBSERVED_CONSECUTIVE_EXACT_HITS_ONLY;FALSE
"Motorzaag / Benzine MS 660 3/8"" R Motorsäge";"MS 660 3/8"" R Motorsäge";174100000;174100000;1;OBSERVED_CONSECUTIVE_EXACT_HITS_ONLY;FALSE
"Motorzaag / Benzine MS 660 .404"" R Magnum Motorsäge";"MS 660 .404"" R Magnum Motorsäge";174150000;174150000;1;OBSERVED_CONSECUTIVE_EXACT_HITS_ONLY;FALSE
"Motorzaag / Benzine MS 201 T-Z 3/8""P P Motorsäge";"MS 201 T-Z 3/8""P P Motorsäge";174200000;174200000;1;OBSERVED_CONSECUTIVE_EXACT_HITS_ONLY;FALSE
"Motorzaag / Benzine MS 231 C-BE .325"" P Motorsäge";"MS 231 C-BE .325"" P Motorsäge";174250000;174250000;1;OBSERVED_CONSECUTIVE_EXACT_HITS_ONLY;FALSE
"Motorzaag / Benzine MS 230 .325"" P Motorsäge";"MS 230 .325"" P Motorsäge";174300000;174300000;1;OBSERVED_CONSECUTIVE_EXACT_HITS_ONLY;FALSE
"Motorzaag / Benzine MS 460-RZ 3/8"" RIM Magnum Motorsäge";"MS 460-RZ 3/8"" RIM Magnum Motorsäge";174350000;174350000;1;OBSERVED_CONSECUTIVE_EXACT_HITS_ONLY;FALSE
"Motorzaag / Benzine MS 250 3/8""P Motorsäge";"MS 250 3/8""P Motorsäge";174400000;174400000;1;OBSERVED_CONSECUTIVE_EXACT_HITS_ONLY;FALSE
"Motorzaag / Benzine MS 290 3/8"" P Motorsäge";"MS 290 3/8"" P Motorsäge";174450000;174450000;1;OBSERVED_CONSECUTIVE_EXACT_HITS_ONLY;FALSE
"Motorzaag / Benzine MS 231 3/8""P P Motorsäge";"MS 231 3/8""P P Motorsäge";174500000;174500000;1;OBSERVED_CONSECUTIVE_EXACT_HITS_ONLY;FALSE
"Motorzaag / Benzine MS 251 .325"" P Motorsäge";"MS 251 .325"" P Motorsäge";174550000;174550000;1;OBSERVED_CONSECUTIVE_EXACT_HITS_ONLY;FALSE
"Motorzaag / Benzine MS 460 3/8"" R Motorsäge";"MS 460 3/8"" R Motorsäge";174600000;174600000;1;OBSERVED_CONSECUTIVE_EXACT_HITS_ONLY;FALSE
"Motorzaag / Benzine MS 250 C-BE Z .325"" SPUR Motorsäge";"MS 250 C-BE Z .325"" SPUR Motorsäge";174700000;174700000;1;OBSERVED_CONSECUTIVE_EXACT_HITS_ONLY;FALSE
"Motorzaag / Benzine MS 250 .325"" P Motorsäge";"MS 250 .325"" P Motorsäge";174750000;174750000;1;OBSERVED_CONSECUTIVE_EXACT_HITS_ONLY;FALSE
"Motorzaag / Benzine MS 290 3/8"" P Motorsäge";"MS 290 3/8"" P Motorsäge";174800000;174800000;1;OBSERVED_CONSECUTIVE_EXACT_HITS_ONLY;FALSE
"Motorzaag / Benzine MS 310 3/8"" P Motorsäge";"MS 310 3/8"" P Motorsäge";174850000;174850000;1;OBSERVED_CONSECUTIVE_EXACT_HITS_ONLY;FALSE
"Motorzaag / Elektrisch MSE 140 C-BQ 3/8""P Elektro-Motorsäge";"MSE 140 C-BQ 3/8""P Elektro-Motorsäge";174900000;174900000;1;OBSERVED_CONSECUTIVE_EXACT_HITS_ONLY;FALSE
"Motorzaag / Benzine MS 441 C-M Z 3/8"" Magnum Motorsäge";"MS 441 C-M Z 3/8"" Magnum Motorsäge";174950000;174950000;1;OBSERVED_CONSECUTIVE_EXACT_HITS_ONLY;FALSE
"Motorzaag / Benzine MS 660 3/8"" R Magnum Motorsäge";"MS 660 3/8"" R Magnum Motorsäge";175000000;175000000;1;OBSERVED_CONSECUTIVE_EXACT_HITS_ONLY;FALSE
"Heggenschaar / Benzine HS 56 C-E Heckenschere, 600mm/24""";"HS 56 C-E Heckenschere, 600mm/24""";175050000;175050000;1;OBSERVED_CONSECUTIVE_EXACT_HITS_ONLY;FALSE
"Motorzaag / Benzine MS 230 C-BE Z .325"" P WoodBoss Motorsäge";"MS 230 C-BE Z .325"" P WoodBoss Motorsäge";175100000;175100000;1;OBSERVED_CONSECUTIVE_EXACT_HITS_ONLY;FALSE
"Motorzaag / Benzine MS 231 C-BE 3/8""P P Motorsäge";"MS 231 C-BE 3/8""P P Motorsäge";175150000;175150000;1;OBSERVED_CONSECUTIVE_EXACT_HITS_ONLY;FALSE
Bosmaaier / Benzine FS 120 Motorsense;FS 120 Motorsense;175200000;175200000;1;OBSERVED_CONSECUTIVE_EXACT_HITS_ONLY;FALSE
Bosmaaier / Benzine FS 360 C-E Freischneider;FS 360 C-E Freischneider;175250000;175250000;1;OBSERVED_CONSECUTIVE_EXACT_HITS_ONLY;FALSE
Bosmaaier / Benzine FS 460 C-EM Freischneider;FS 460 C-EM Freischneider;175300000;175300000;1;OBSERVED_CONSECUTIVE_EXACT_HITS_ONLY;FALSE
"Motorzaag / Benzine MS 251 3/8""P P Motorsäge";"MS 251 3/8""P P Motorsäge";175350000;175350000;1;OBSERVED_CONSECUTIVE_EXACT_HITS_ONLY;FALSE
"Heggenschaar / Benzine HS 56 C-E Heckenschere, 600mm/24""";"HS 56 C-E Heckenschere, 600mm/24""";175400000;175400000;1;OBSERVED_CONSECUTIVE_EXACT_HITS_ONLY;FALSE
"Motorzaag / Benzine MS 660 .404"" R Magnum Motorsäge";"MS 660 .404"" R Magnum Motorsäge";175450000;175450000;1;OBSERVED_CONSECUTIVE_EXACT_HITS_ONLY;FALSE
"Motorzaag / Elektrisch MSE 140 C-Q 3/8""P Elektro-Motorsäge";"MSE 140 C-Q 3/8""P Elektro-Motorsäge";175500000;175500000;1;OBSERVED_CONSECUTIVE_EXACT_HITS_ONLY;FALSE
"Heggenschaar / Benzine HS 46 Heckenschere, 450mm/18""";"HS 46 Heckenschere, 450mm/18""";175550000;175550000;1;OBSERVED_CONSECUTIVE_EXACT_HITS_ONLY;FALSE
"Motorzaag / Benzine MS 150 C-E 1/4""P P Motorsäge";"MS 150 C-E 1/4""P P Motorsäge";175600000;175600000;1;OBSERVED_CONSECUTIVE_EXACT_HITS_ONLY;FALSE
"Motorzaag / Benzine MS 310 3/8"" P Motorsäge";"MS 310 3/8"" P Motorsäge";175650000;175650000;1;OBSERVED_CONSECUTIVE_EXACT_HITS_ONLY;FALSE
"Motorzaag / Benzine MS 250 3/8""P Motorsäge";"MS 250 3/8""P Motorsäge";175700000;175700000;1;OBSERVED_CONSECUTIVE_EXACT_HITS_ONLY;FALSE
"Motorzaag / Benzine 070 .404"" Motorsäge";"070 .404"" Motorsäge";175800000;175800000;1;OBSERVED_CONSECUTIVE_EXACT_HITS_ONLY;FALSE
"Motorzaag / Benzine MS 250 .325"" P Motorsäge";"MS 250 .325"" P Motorsäge";175850000;175850000;1;OBSERVED_CONSECUTIVE_EXACT_HITS_ONLY;FALSE
"Motorzaag / Benzine MS 201 T 3/8""P P Motorsäge";"MS 201 T 3/8""P P Motorsäge";175900000;175900000;1;OBSERVED_CONSECUTIVE_EXACT_HITS_ONLY;FALSE
"Motorzaag / Benzine MS 251 .325"" P Motorsäge";"MS 251 .325"" P Motorsäge";176000000;176000000;1;OBSERVED_CONSECUTIVE_EXACT_HITS_ONLY;FALSE
"Motorzaag / Benzine MS 440-N 3/8"" R Motorsäge";"MS 440-N 3/8"" R Motorsäge";176100000;176100000;1;OBSERVED_CONSECUTIVE_EXACT_HITS_ONLY;FALSE
"Motorzaag / Benzine MS 391 3/8"" P Motorsäge";"MS 391 3/8"" P Motorsäge";176150000;176150000;1;OBSERVED_CONSECUTIVE_EXACT_HITS_ONLY;FALSE
"Motorzaag / Elektrisch MSE 140 C-Q 3/8""P Elektro-Motorsäge";"MSE 140 C-Q 3/8""P Elektro-Motorsäge";176200000;176200000;1;OBSERVED_CONSECUTIVE_EXACT_HITS_ONLY;FALSE
"Doorslijpmachine / Benzine TS 410-Z Trennschleifer, 300mm/12""";"TS 410-Z Trennschleifer, 300mm/12""";176250000;176250000;1;OBSERVED_CONSECUTIVE_EXACT_HITS_ONLY;FALSE
"Motorzaag / Benzine MS 250 C-BE 3/8""P Motorsäge";"MS 250 C-BE 3/8""P Motorsäge";176300000;176300000;1;OBSERVED_CONSECUTIVE_EXACT_HITS_ONLY;FALSE
"Motorzaag / Benzine MS 250 .325"" P Motorsäge";"MS 250 .325"" P Motorsäge";176350000;176350000;1;OBSERVED_CONSECUTIVE_EXACT_HITS_ONLY;FALSE
"Motorzaag / Benzine MS 310 3/8"" P Motorsäge";"MS 310 3/8"" P Motorsäge";176400000;176400000;1;OBSERVED_CONSECUTIVE_EXACT_HITS_ONLY;FALSE
"Motorzaag / Benzine MS 660-Z 3/8"" R Magnum Motorsäge";"MS 660-Z 3/8"" R Magnum Motorsäge";176450000;176450000;1;OBSERVED_CONSECUTIVE_EXACT_HITS_ONLY;FALSE
Bosmaaier / Benzine FS 410 C-E Freischneider;FS 410 C-E Freischneider;176500000;176500000;1;OBSERVED_CONSECUTIVE_EXACT_HITS_ONLY;FALSE
"Motorzaag / Benzine MS 390 3/8"" P Motorsäge";"MS 390 3/8"" P Motorsäge";176550000;176550000;1;OBSERVED_CONSECUTIVE_EXACT_HITS_ONLY;FALSE
Bosmaaier / Benzine FS 260 C-E Freischneider;FS 260 C-E Freischneider;176600000;176600000;1;OBSERVED_CONSECUTIVE_EXACT_HITS_ONLY;FALSE
"Motorzaag / Benzine MS 250 .325"" Motorsäge";"MS 250 .325"" Motorsäge";176650000;176650000;1;OBSERVED_CONSECUTIVE_EXACT_HITS_ONLY;FALSE
"Motorzaag / Benzine MS 201 T-Z 3/8""P Motorsäge";"MS 201 T-Z 3/8""P Motorsäge";176700000;176700000;1;OBSERVED_CONSECUTIVE_EXACT_HITS_ONLY;FALSE
"Motorzaag / Benzine MS 441 C-M Z 3/8"" Magnum Motorsäge";"MS 441 C-M Z 3/8"" Magnum Motorsäge";176750000;176750000;1;OBSERVED_CONSECUTIVE_EXACT_HITS_ONLY;FALSE
"Motorzaag / Benzine MS 310 3/8"" P Motorsäge";"MS 310 3/8"" P Motorsäge";176800000;176800000;1;OBSERVED_CONSECUTIVE_EXACT_HITS_ONLY;FALSE
"Motorzaag / Benzine MS 231 3/8""P P Motorsäge";"MS 231 3/8""P P Motorsäge";176850000;176850000;1;OBSERVED_CONSECUTIVE_EXACT_HITS_ONLY;FALSE
Bosmaaier / Benzine FS 240 C-E Freischneider;FS 240 C-E Freischneider;176900000;176900000;1;OBSERVED_CONSECUTIVE_EXACT_HITS_ONLY;FALSE
"Motorzaag / Benzine MS 251 3/8""P P Motorsäge";"MS 251 3/8""P P Motorsäge";176950000;176950000;1;OBSERVED_CONSECUTIVE_EXACT_HITS_ONLY;FALSE
Bosmaaier / Benzine FS 460 C-EM Freischneider;FS 460 C-EM Freischneider;177000000;177000000;1;OBSERVED_CONSECUTIVE_EXACT_HITS_ONLY;FALSE
Bosmaaier / Benzine FS 450-K Freischneider;FS 450-K Freischneider;177050000;177050000;1;OBSERVED_CONSECUTIVE_EXACT_HITS_ONLY;FALSE
Bosmaaier / Benzine FS 260 C-E Freischneider;FS 260 C-E Freischneider;177100000;177100000;1;OBSERVED_CONSECUTIVE_EXACT_HITS_ONLY;FALSE
Bosmaaier / Benzine FS 460 C-EM Freischneider;FS 460 C-EM Freischneider;177150000;177150000;1;OBSERVED_CONSECUTIVE_EXACT_HITS_ONLY;FALSE
"Doorslijpmachine / Benzine TS 500i, K-ME Ø 350mm/14""";"TS 500i, K-ME Ø 350mm/14""";177200000;177200000;1;OBSERVED_CONSECUTIVE_EXACT_HITS_ONLY;FALSE
Bosmaaier / Benzine FS 260 C-E Freischneider;FS 260 C-E Freischneider;177250000;177250000;1;OBSERVED_CONSECUTIVE_EXACT_HITS_ONLY;FALSE
"Motorzaag / Benzine MS 461-VW 3/8"" R Motorsäge";"MS 461-VW 3/8"" R Motorsäge";177300000;177300000;1;OBSERVED_CONSECUTIVE_EXACT_HITS_ONLY;FALSE
Doorslijpmachine / Benzine TS 420;TS 420;177350000;177350000;1;OBSERVED_CONSECUTIVE_EXACT_HITS_ONLY;FALSE
"Motorzaag / Benzine MS 251 .325"" P Motorsäge";"MS 251 .325"" P Motorsäge";177400000;177400000;1;OBSERVED_CONSECUTIVE_EXACT_HITS_ONLY;FALSE
"Heggenschaar / Benzine HS 81 R Cutter Heckenschere, 600mm/24""";"HS 81 R Cutter Heckenschere, 600mm/24""";177500000;177500000;1;OBSERVED_CONSECUTIVE_EXACT_HITS_ONLY;FALSE
"Motorzaag / Benzine MS 150 TC-E 1/4""P P Motorsäge";"MS 150 TC-E 1/4""P P Motorsäge";177550000;177550000;1;OBSERVED_CONSECUTIVE_EXACT_HITS_ONLY;FALSE
"Motorzaag / Benzine MS 391 3/8"" P Motorsäge";"MS 391 3/8"" P Motorsäge";177600000;177600000;1;OBSERVED_CONSECUTIVE_EXACT_HITS_ONLY;FALSE
"Motorzaag / Benzine MS 660 .404"" R Magnum Motorsäge";"MS 660 .404"" R Magnum Motorsäge";177650000;177650000;1;OBSERVED_CONSECUTIVE_EXACT_HITS_ONLY;FALSE
Grondboren / Benzine BT 121 Bohrgerät;BT 121 Bohrgerät;177700000;177700000;1;OBSERVED_CONSECUTIVE_EXACT_HITS_ONLY;FALSE
"Motorzaag / Benzine MS 230 3/8""P SPUR Motorsäge";"MS 230 3/8""P SPUR Motorsäge";177750000;177750000;1;OBSERVED_CONSECUTIVE_EXACT_HITS_ONLY;FALSE
"Motorzaag / Benzine MS 660-N 3/8"" R Motorsäge";"MS 660-N 3/8"" R Motorsäge";177800000;177800000;1;OBSERVED_CONSECUTIVE_EXACT_HITS_ONLY;FALSE
"Doorslijpmachine / Benzine TS 800 Trennschleifer, 400mm/16""";"TS 800 Trennschleifer, 400mm/16""";177850000;177850000;1;OBSERVED_CONSECUTIVE_EXACT_HITS_ONLY;FALSE
"Motorzaag / Benzine MS 362 C-M 3/8"" R Motorsäge";"MS 362 C-M 3/8"" R Motorsäge";177900000;177900000;1;OBSERVED_CONSECUTIVE_EXACT_HITS_ONLY;FALSE
Bosmaaier / Benzine FS 360 C-E Freischneider;FS 360 C-E Freischneider;178000000;178000000;1;OBSERVED_CONSECUTIVE_EXACT_HITS_ONLY;FALSE
"Motorzaag / Benzine MS 660 3/8"" R Motorsäge";"MS 660 3/8"" R Motorsäge";178050000;178050000;1;OBSERVED_CONSECUTIVE_EXACT_HITS_ONLY;FALSE
"Motorzaag / Benzine MS 310 3/8"" P Motorsäge";"MS 310 3/8"" P Motorsäge";178150000;178150000;1;OBSERVED_CONSECUTIVE_EXACT_HITS_ONLY;FALSE
"Motorzaag / Benzine 070 .404"" Motorsäge";"070 .404"" Motorsäge";178200000;178200000;1;OBSERVED_CONSECUTIVE_EXACT_HITS_ONLY;FALSE
"Motorzaag / Benzine MS 261 C-M .325"" R Motorsäge";"MS 261 C-M .325"" R Motorsäge";178250000;178250000;1;OBSERVED_CONSECUTIVE_EXACT_HITS_ONLY;FALSE
"Motorzaag / Benzine MS 361, 3/8""";"MS 361, 3/8""";178300000;178300000;1;OBSERVED_CONSECUTIVE_EXACT_HITS_ONLY;FALSE
"Motorzaag / Benzine MS 291 .325"" P Motorsäge";"MS 291 .325"" P Motorsäge";178350000;178350000;1;OBSERVED_CONSECUTIVE_EXACT_HITS_ONLY;FALSE
Bosmaaier / Benzine FS 450-K Freischneider;FS 450-K Freischneider;178400000;178400000;1;OBSERVED_CONSECUTIVE_EXACT_HITS_ONLY;FALSE
"Motorzaag / Benzine MS 391-Z 3/8"" P Motorsäge";"MS 391-Z 3/8"" P Motorsäge";178450000;178450000;1;OBSERVED_CONSECUTIVE_EXACT_HITS_ONLY;FALSE
"Motorzaag / Elektrisch MSE 170 C-Q 3/8""P P Elektro-Motorsäge";"MSE 170 C-Q 3/8""P P Elektro-Motorsäge";178500000;178500000;1;OBSERVED_CONSECUTIVE_EXACT_HITS_ONLY;FALSE
Bosmaaier / Benzine FS 460 C-EM Freischneider;FS 460 C-EM Freischneider;178550000;178550000;1;OBSERVED_CONSECUTIVE_EXACT_HITS_ONLY;FALSE
"Motorzaag / Benzine 070 .404"" Motorsäge";"070 .404"" Motorsäge";178600000;178600000;1;OBSERVED_CONSECUTIVE_EXACT_HITS_ONLY;FALSE
Bosmaaier / Benzine FS 460 C-EM Freischneider;FS 460 C-EM Freischneider;178650000;178650000;1;OBSERVED_CONSECUTIVE_EXACT_HITS_ONLY;FALSE
"Motorzaag / Benzine MS 250 .325"" P Motorsäge";"MS 250 .325"" P Motorsäge";178700000;178700000;1;OBSERVED_CONSECUTIVE_EXACT_HITS_ONLY;FALSE
Doorslijpmachine / Benzine TS 420;TS 420;178800000;178800000;1;OBSERVED_CONSECUTIVE_EXACT_HITS_ONLY;FALSE
"Motorzaag / Benzine MS 201 T-Z 3/8""P Motorsäge";"MS 201 T-Z 3/8""P Motorsäge";178850000;178850000;1;OBSERVED_CONSECUTIVE_EXACT_HITS_ONLY;FALSE
"Doorslijpmachine / Benzine TS 410-Z Trennschleifer, 300mm/12""";"TS 410-Z Trennschleifer, 300mm/12""";178900000;178900000;1;OBSERVED_CONSECUTIVE_EXACT_HITS_ONLY;FALSE
Bosmaaier / Benzine FS 240-Z Freischneider;FS 240-Z Freischneider;178950000;178950000;1;OBSERVED_CONSECUTIVE_EXACT_HITS_ONLY;FALSE
Doorslijpmachine / Benzine TS 410;TS 410;179000000;179000000;1;OBSERVED_CONSECUTIVE_EXACT_HITS_ONLY;FALSE
"Motorzaag / Benzine MS 201 T 3/8""P P Motorsäge";"MS 201 T 3/8""P P Motorsäge";179050000;179050000;1;OBSERVED_CONSECUTIVE_EXACT_HITS_ONLY;FALSE
Doorslijpmachine / Benzine TS 420;TS 420;179100000;179100000;1;OBSERVED_CONSECUTIVE_EXACT_HITS_ONLY;FALSE
"Motorzaag / Benzine MS 271 .325"" P Motorsäge";"MS 271 .325"" P Motorsäge";179150000;179150000;1;OBSERVED_CONSECUTIVE_EXACT_HITS_ONLY;FALSE
"Motorzaag / Benzine MS 362 3/8"" R Motorsäge";"MS 362 3/8"" R Motorsäge";179200000;179200000;1;OBSERVED_CONSECUTIVE_EXACT_HITS_ONLY;FALSE
Doorslijpmachine / Benzine TS 420;TS 420;179250000;179250000;1;OBSERVED_CONSECUTIVE_EXACT_HITS_ONLY;FALSE
"Motorzaag / Benzine MS 250 3/8""P Motorsäge";"MS 250 3/8""P Motorsäge";179300000;179300000;1;OBSERVED_CONSECUTIVE_EXACT_HITS_ONLY;FALSE
"Motorzaag / Benzine MS 250 .325"" P Motorsäge";"MS 250 .325"" P Motorsäge";179350000;179350000;1;OBSERVED_CONSECUTIVE_EXACT_HITS_ONLY;FALSE
"Motorzaag / Benzine MS 251 C-BE 3/8""P P Motorsäge";"MS 251 C-BE 3/8""P P Motorsäge";179450000;179450000;1;OBSERVED_CONSECUTIVE_EXACT_HITS_ONLY;FALSE
"Motorzaag / Benzine MS 291, 3/8""";"MS 291, 3/8""";179500000;179500000;1;OBSERVED_CONSECUTIVE_EXACT_HITS_ONLY;FALSE
"Motorzaag / Benzine MS 461-Z 3/8"" Motorsäge";"MS 461-Z 3/8"" Motorsäge";179550000;179550000;1;OBSERVED_CONSECUTIVE_EXACT_HITS_ONLY;FALSE
"Motorzaag / Benzine 070 .404"" Motorsäge";"070 .404"" Motorsäge";179600000;179600000;1;OBSERVED_CONSECUTIVE_EXACT_HITS_ONLY;FALSE
"Heggenschaar / Benzine HS 82 R, Schnittlänge 60 cm/30""";"HS 82 R, Schnittlänge 60 cm/30""";179650000;179650000;1;OBSERVED_CONSECUTIVE_EXACT_HITS_ONLY;FALSE
"Motorzaag / Benzine MS 241 C-M 3/8""P P Motorsäge";"MS 241 C-M 3/8""P P Motorsäge";179700000;179700000;1;OBSERVED_CONSECUTIVE_EXACT_HITS_ONLY;FALSE
"Motorzaag / Benzine MS 361, 3/8""";"MS 361, 3/8""";179750000;179750000;1;OBSERVED_CONSECUTIVE_EXACT_HITS_ONLY;FALSE
"Motorzaag / Benzine MS 250 .325"" P Motorsäge";"MS 250 .325"" P Motorsäge";179800000;179800000;1;OBSERVED_CONSECUTIVE_EXACT_HITS_ONLY;FALSE
Bosmaaier / Benzine FS 260 Freischneider;FS 260 Freischneider;179850000;179850000;1;OBSERVED_CONSECUTIVE_EXACT_HITS_ONLY;FALSE
"Motorzaag / Benzine MS 660 3/8"" R Magnum Motorsäge";"MS 660 3/8"" R Magnum Motorsäge";179900000;179900000;1;OBSERVED_CONSECUTIVE_EXACT_HITS_ONLY;FALSE
"Motorzaag / Elektrisch MSE 170 C-BQ 3/8""P P Elektro-Motorsäge";"MSE 170 C-BQ 3/8""P P Elektro-Motorsäge";179950000;179950000;1;OBSERVED_CONSECUTIVE_EXACT_HITS_ONLY;FALSE
Bosmaaier / Benzine FS 560 C-EM Freischneider;FS 560 C-EM Freischneider;180000000;180000000;1;OBSERVED_CONSECUTIVE_EXACT_HITS_ONLY;FALSE
"Motorzaag / Benzine MS 461-Z 3/8"" Motorsäge";"MS 461-Z 3/8"" Motorsäge";180050000;180050000;1;OBSERVED_CONSECUTIVE_EXACT_HITS_ONLY;FALSE
"Motorzaag / Benzine MS 251 C-BE, .325""";"MS 251 C-BE, .325""";180100000;180100000;1;OBSERVED_CONSECUTIVE_EXACT_HITS_ONLY;FALSE
"Motorzaag / Elektrisch MSE 190 C-B 3/8""P P Elektro-Motorsäge";"MSE 190 C-B 3/8""P P Elektro-Motorsäge";180150000;180150000;1;OBSERVED_CONSECUTIVE_EXACT_HITS_ONLY;FALSE
"Motorzaag / Benzine MS 231 3/8""P P Motorsäge";"MS 231 3/8""P P Motorsäge";180200000;180200000;1;OBSERVED_CONSECUTIVE_EXACT_HITS_ONLY;FALSE
Bosmaaier / Benzine FS 240 Freischneider;FS 240 Freischneider;180250000;180250000;1;OBSERVED_CONSECUTIVE_EXACT_HITS_ONLY;FALSE
"Motorzaag / Benzine MS 261 C-M .325"" R Motorsäge";"MS 261 C-M .325"" R Motorsäge";180300000;180300000;1;OBSERVED_CONSECUTIVE_EXACT_HITS_ONLY;FALSE
Bosmaaier / Benzine FS 260 C-E Freischneider;FS 260 C-E Freischneider;180350000;180350000;1;OBSERVED_CONSECUTIVE_EXACT_HITS_ONLY;FALSE
"Motorzaag / Benzine MS 201 TC-M 3/8""P P Motorsäge";"MS 201 TC-M 3/8""P P Motorsäge";180400000;180400000;1;OBSERVED_CONSECUTIVE_EXACT_HITS_ONLY;FALSE
"Heggenschaar / Benzine HS 82 R, Schnittlänge 75 cm/30""";"HS 82 R, Schnittlänge 75 cm/30""";180500000;180500000;1;OBSERVED_CONSECUTIVE_EXACT_HITS_ONLY;FALSE
"Doorslijpmachine / Benzine TS 700 Trennschleifer, 350mm/14""";"TS 700 Trennschleifer, 350mm/14""";180550000;180550000;1;OBSERVED_CONSECUTIVE_EXACT_HITS_ONLY;FALSE
"Motorzaag / Benzine MS 251 3/8""P P Motorsäge";"MS 251 3/8""P P Motorsäge";180600000;180600000;1;OBSERVED_CONSECUTIVE_EXACT_HITS_ONLY;FALSE
Bosmaaier / Benzine FS 260 RC-E Freischneider;FS 260 RC-E Freischneider;180650000;180650000;1;OBSERVED_CONSECUTIVE_EXACT_HITS_ONLY;FALSE
Doorslijpmachine / Benzine TS 420;TS 420;180700000;180700000;1;OBSERVED_CONSECUTIVE_EXACT_HITS_ONLY;FALSE
"Motorzaag / Benzine MS 391-Z 3/8"" P Motorsäge";"MS 391-Z 3/8"" P Motorsäge";180750000;180750000;1;OBSERVED_CONSECUTIVE_EXACT_HITS_ONLY;FALSE
"Motorzaag / Benzine MS 250 .325"" P Motorsäge";"MS 250 .325"" P Motorsäge";180800000;180800000;1;OBSERVED_CONSECUTIVE_EXACT_HITS_ONLY;FALSE
Doorslijpmachine / Benzine TS 410;TS 410;180850000;180850000;1;OBSERVED_CONSECUTIVE_EXACT_HITS_ONLY;FALSE
Bosmaaier / Benzine FS 240 Freischneider;FS 240 Freischneider;180900000;180900000;1;OBSERVED_CONSECUTIVE_EXACT_HITS_ONLY;FALSE
"Motorzaag / Benzine MS 231 3/8""P P Motorsäge";"MS 231 3/8""P P Motorsäge";180950000;180950000;1;OBSERVED_CONSECUTIVE_EXACT_HITS_ONLY;FALSE
"Motorzaag / Benzine MS 661 C-M 3/8"" R Motorsäge";"MS 661 C-M 3/8"" R Motorsäge";181000000;181000000;1;OBSERVED_CONSECUTIVE_EXACT_HITS_ONLY;FALSE
"Doorslijpmachine / Benzine TS 500i, K-BA Ø 350mm/14""";"TS 500i, K-BA Ø 350mm/14""";181050000;181050000;1;OBSERVED_CONSECUTIVE_EXACT_HITS_ONLY;FALSE
"Motorzaag / Benzine MS 251 3/8""P P Motorsäge";"MS 251 3/8""P P Motorsäge";181100000;181100000;1;OBSERVED_CONSECUTIVE_EXACT_HITS_ONLY;FALSE
"Motorzaag / Benzine MS 250 .325"" Motorsäge";"MS 250 .325"" Motorsäge";181150000;181150000;1;OBSERVED_CONSECUTIVE_EXACT_HITS_ONLY;FALSE
"Doorslijpmachine / Benzine TS 500i, K-ME Ø 350mm/14""";"TS 500i, K-ME Ø 350mm/14""";181200000;181200000;1;OBSERVED_CONSECUTIVE_EXACT_HITS_ONLY;FALSE
"Motorzaag / Benzine MS 271 .325"" P Motorsäge";"MS 271 .325"" P Motorsäge";181250000;181250000;1;OBSERVED_CONSECUTIVE_EXACT_HITS_ONLY;FALSE
Doorslijpmachine / Benzine TS 410;TS 410;181300000;181300000;1;OBSERVED_CONSECUTIVE_EXACT_HITS_ONLY;FALSE
Bosmaaier / Benzine FS 410 C-EM Freischneider;FS 410 C-EM Freischneider;181350000;181350000;1;OBSERVED_CONSECUTIVE_EXACT_HITS_ONLY;FALSE
Bosmaaier / Benzine FS 410 C-E Freischneider;FS 410 C-E Freischneider;181400000;181400000;1;OBSERVED_CONSECUTIVE_EXACT_HITS_ONLY;FALSE
"Motorzaag / Benzine MS 361 3/8"" R Motorsäge";"MS 361 3/8"" R Motorsäge";181450000;181450000;1;OBSERVED_CONSECUTIVE_EXACT_HITS_ONLY;FALSE
"Motorzaag / Benzine MS 461-Z 3/8"" RIM Magnum Motorsäge";"MS 461-Z 3/8"" RIM Magnum Motorsäge";181500000;181500000;1;OBSERVED_CONSECUTIVE_EXACT_HITS_ONLY;FALSE
Bosmaaier / Benzine FS 490 C-EM K Freischneider;FS 490 C-EM K Freischneider;181550000;181550000;1;OBSERVED_CONSECUTIVE_EXACT_HITS_ONLY;FALSE
"Doorslijpmachine / Benzine TS 410 Trennschleifer, 300mm/12""";"TS 410 Trennschleifer, 300mm/12""";181600000;181600000;1;OBSERVED_CONSECUTIVE_EXACT_HITS_ONLY;FALSE
Bosmaaier / Benzine FS 360 C-EM Freischneider;FS 360 C-EM Freischneider;181650000;181650000;1;OBSERVED_CONSECUTIVE_EXACT_HITS_ONLY;FALSE
"Motorzaag / Benzine MS 231, .325""";"MS 231, .325""";181700000;181700000;1;OBSERVED_CONSECUTIVE_EXACT_HITS_ONLY;FALSE
Doorslijpmachine / Benzine TS 410;TS 410;181750000;181750000;1;OBSERVED_CONSECUTIVE_EXACT_HITS_ONLY;FALSE
Bosmaaier / Benzine FS 260 C-E Freischneider;FS 260 C-E Freischneider;181800000;181800000;1;OBSERVED_CONSECUTIVE_EXACT_HITS_ONLY;FALSE
"Motorzaag / Benzine MS 251, .325""";"MS 251, .325""";181850000;181850000;1;OBSERVED_CONSECUTIVE_EXACT_HITS_ONLY;FALSE
"Motorzaag / Benzine MS 261 C-M .325"" R Motorsäge";"MS 261 C-M .325"" R Motorsäge";181900000;181900000;1;OBSERVED_CONSECUTIVE_EXACT_HITS_ONLY;FALSE
Bosmaaier / Benzine FR 460 TC-EFM Motorsense rückentragbar;FR 460 TC-EFM Motorsense rückentragbar;181950000;181950000;1;OBSERVED_CONSECUTIVE_EXACT_HITS_ONLY;FALSE
"Motorzaag / Benzine MS 201 C-M 3/8""P P Motorsäge";"MS 201 C-M 3/8""P P Motorsäge";182000000;182000000;1;OBSERVED_CONSECUTIVE_EXACT_HITS_ONLY;FALSE
Zuighakselaar / Benzine SH 56;SH 56;182050000;182050000;1;OBSERVED_CONSECUTIVE_EXACT_HITS_ONLY;FALSE
"Motorzaag / Benzine MS 231 C-BE 3/8""P P Motorsäge";"MS 231 C-BE 3/8""P P Motorsäge";182100000;182100000;1;OBSERVED_CONSECUTIVE_EXACT_HITS_ONLY;FALSE
"Heggenschaar / Benzine HS 82 T-Z Heckenschere, 600mm/24""";"HS 82 T-Z Heckenschere, 600mm/24""";182150000;182150000;1;OBSERVED_CONSECUTIVE_EXACT_HITS_ONLY;FALSE
"Motorzaag / Benzine 070 .404"" Motorsäge";"070 .404"" Motorsäge";182200000;182200000;1;OBSERVED_CONSECUTIVE_EXACT_HITS_ONLY;FALSE
"Motorzaag / Benzine MS 660 3/8"" R Magnum Motorsäge";"MS 660 3/8"" R Magnum Motorsäge";182250000;182250000;1;OBSERVED_CONSECUTIVE_EXACT_HITS_ONLY;FALSE
Bosmaaier / Benzine FS 240 C-E Freischneider;FS 240 C-E Freischneider;182300000;182300000;1;OBSERVED_CONSECUTIVE_EXACT_HITS_ONLY;FALSE
Algemeen gemotoriseerd / Benzine FS 560 C-EM Z Anbaumotor;FS 560 C-EM Z Anbaumotor;182350000;182350000;1;OBSERVED_CONSECUTIVE_EXACT_HITS_ONLY;FALSE
Bladblazer / Benzine BG 56;BG 56;182400000;182400000;1;OBSERVED_CONSECUTIVE_EXACT_HITS_ONLY;FALSE
"Motorzaag / Benzine MS 251, .325""";"MS 251, .325""";182450000;182450000;1;OBSERVED_CONSECUTIVE_EXACT_HITS_ONLY;FALSE
"Doorslijpmachine / Benzine TS 420-Z Trennschleifer, 350mm/14""";"TS 420-Z Trennschleifer, 350mm/14""";182500000;182500000;1;OBSERVED_CONSECUTIVE_EXACT_HITS_ONLY;FALSE
"Doorslijpmachine / Benzine TS 800 Trennschleifer, 400mm/16""";"TS 800 Trennschleifer, 400mm/16""";182550000;182550000;1;OBSERVED_CONSECUTIVE_EXACT_HITS_ONLY;FALSE
"Motorzaag / Benzine MS 310 3/8"" P Motorsäge";"MS 310 3/8"" P Motorsäge";182600000;182600000;1;OBSERVED_CONSECUTIVE_EXACT_HITS_ONLY;FALSE
"Motorzaag / Benzine MS 310 3/8"" P Motorsäge";"MS 310 3/8"" P Motorsäge";182650000;182650000;1;OBSERVED_CONSECUTIVE_EXACT_HITS_ONLY;FALSE
"Motorzaag / Benzine MS 361 3/8"" R Motorsäge";"MS 361 3/8"" R Motorsäge";182700000;182700000;1;OBSERVED_CONSECUTIVE_EXACT_HITS_ONLY;FALSE
Bosmaaier / Benzine FS 460 C-EM Freischneider;FS 460 C-EM Freischneider;182750000;182750000;1;OBSERVED_CONSECUTIVE_EXACT_HITS_ONLY;FALSE
Bosmaaier / Benzine FS 240 Freischneider;FS 240 Freischneider;182800000;182800000;1;OBSERVED_CONSECUTIVE_EXACT_HITS_ONLY;FALSE
"Motorzaag / Benzine MS 241 C-M 3/8""P P Motorsäge";"MS 241 C-M 3/8""P P Motorsäge";182850000;182850000;1;OBSERVED_CONSECUTIVE_EXACT_HITS_ONLY;FALSE
Doorslijpmachine / Benzine TS 420;TS 420;182900000;182900000;1;OBSERVED_CONSECUTIVE_EXACT_HITS_ONLY;FALSE
"Motorzaag / Benzine MS 231 3/8""P P Motorsäge";"MS 231 3/8""P P Motorsäge";182950000;182950000;1;OBSERVED_CONSECUTIVE_EXACT_HITS_ONLY;FALSE
"Motorzaag / Benzine MS 251 3/8""P P Motorsäge";"MS 251 3/8""P P Motorsäge";183000000;183000000;1;OBSERVED_CONSECUTIVE_EXACT_HITS_ONLY;FALSE
Doorslijpmachine / Benzine TS 700;TS 700;183050000;183050000;1;OBSERVED_CONSECUTIVE_EXACT_HITS_ONLY;FALSE
Bosmaaier / Benzine FS 460 C-EM Freischneider;FS 460 C-EM Freischneider;183100000;183100000;1;OBSERVED_CONSECUTIVE_EXACT_HITS_ONLY;FALSE
Bosmaaier / Benzine FS 560 C-EM Freischneider;FS 560 C-EM Freischneider;183150000;183150000;1;OBSERVED_CONSECUTIVE_EXACT_HITS_ONLY;FALSE
"Motorzaag / Benzine MS 310 3/8"" P Motorsäge";"MS 310 3/8"" P Motorsäge";183200000;183200000;1;OBSERVED_CONSECUTIVE_EXACT_HITS_ONLY;FALSE
Doorslijpmachine / Benzine TS 420;TS 420;183250000;183250000;1;OBSERVED_CONSECUTIVE_EXACT_HITS_ONLY;FALSE
Bosmaaier / Benzine FS 460 C-EM Freischneider;FS 460 C-EM Freischneider;183300000;183300000;1;OBSERVED_CONSECUTIVE_EXACT_HITS_ONLY;FALSE
"Motorzaag / Benzine MS 310 3/8"" P Motorsäge";"MS 310 3/8"" P Motorsäge";183350000;183350000;1;OBSERVED_CONSECUTIVE_EXACT_HITS_ONLY;FALSE
Zuighakselaar / Benzine SH 56 C-E SaugHäcksler;SH 56 C-E SaugHäcksler;183400000;183400000;1;OBSERVED_CONSECUTIVE_EXACT_HITS_ONLY;FALSE
"Motorzaag / Benzine MS 261 C-M .325"" R Motorsäge";"MS 261 C-M .325"" R Motorsäge";183450000;183450000;1;OBSERVED_CONSECUTIVE_EXACT_HITS_ONLY;FALSE
"Motorzaag / Benzine MS 201 C-EM Z 3/8""P Motorsäge";"MS 201 C-EM Z 3/8""P Motorsäge";183500000;183500000;1;OBSERVED_CONSECUTIVE_EXACT_HITS_ONLY;FALSE
"Motorzaag / Benzine MS 362 3/8"" R Motorsäge";"MS 362 3/8"" R Motorsäge";183550000;183550000;1;OBSERVED_CONSECUTIVE_EXACT_HITS_ONLY;FALSE
Bladblazer / Benzine BG 86;BG 86;183600000;183600000;1;OBSERVED_CONSECUTIVE_EXACT_HITS_ONLY;FALSE
"Doorslijpmachine / Benzine TS 800 Trennschleifer, 400mm/16""";"TS 800 Trennschleifer, 400mm/16""";183650000;183650000;1;OBSERVED_CONSECUTIVE_EXACT_HITS_ONLY;FALSE
"Motorzaag / Benzine MS 261 C-M .325"" R Motorsäge";"MS 261 C-M .325"" R Motorsäge";183700000;183700000;1;OBSERVED_CONSECUTIVE_EXACT_HITS_ONLY;FALSE
"Doorslijpmachine / Benzine TS 800 Trennschleifer, 400mm/16""";"TS 800 Trennschleifer, 400mm/16""";183750000;183750000;1;OBSERVED_CONSECUTIVE_EXACT_HITS_ONLY;FALSE
"Motorzaag / Benzine MS 661 C-M 3/8"" R Motorsäge";"MS 661 C-M 3/8"" R Motorsäge";183800000;183800000;1;OBSERVED_CONSECUTIVE_EXACT_HITS_ONLY;FALSE
Doorslijpmachine / Benzine TS 420;TS 420;183850000;183850000;1;OBSERVED_CONSECUTIVE_EXACT_HITS_ONLY;FALSE
Zuighakselaar / Benzine SH 86;SH 86;183900000;183900000;1;OBSERVED_CONSECUTIVE_EXACT_HITS_ONLY;FALSE
"Motorzaag / Benzine MS 361, 3/8""";"MS 361, 3/8""";183950000;183950000;1;OBSERVED_CONSECUTIVE_EXACT_HITS_ONLY;FALSE
Zuighakselaar / Benzine SH 86;SH 86;184000000;184000000;1;OBSERVED_CONSECUTIVE_EXACT_HITS_ONLY;FALSE
Bladblazer / Benzine BG 86 C-E Blasgerät;BG 86 C-E Blasgerät;184050000;184050000;1;OBSERVED_CONSECUTIVE_EXACT_HITS_ONLY;FALSE
"Motorzaag / Benzine MS 361 3/8"" R Motorsäge";"MS 361 3/8"" R Motorsäge";184100000;184100000;1;OBSERVED_CONSECUTIVE_EXACT_HITS_ONLY;FALSE
"Motorzaag / Benzine MS 150 TC-E Z 1/4""P SPUR Motorsäge";"MS 150 TC-E Z 1/4""P SPUR Motorsäge";184150000;184150000;1;OBSERVED_CONSECUTIVE_EXACT_HITS_ONLY;FALSE
Bosmaaier / Benzine FS 460 C-EM Freischneider;FS 460 C-EM Freischneider;184200000;184200000;1;OBSERVED_CONSECUTIVE_EXACT_HITS_ONLY;FALSE
"Motorzaag / Benzine MS 261 C-M .325"" R Motorsäge";"MS 261 C-M .325"" R Motorsäge";184250000;184250000;1;OBSERVED_CONSECUTIVE_EXACT_HITS_ONLY;FALSE
Bladblazer / Benzine BG 86;BG 86;184300000;184300000;1;OBSERVED_CONSECUTIVE_EXACT_HITS_ONLY;FALSE
"Motorzaag / Benzine MS 271 .325"" P Motorsäge";"MS 271 .325"" P Motorsäge";184350000;184350000;1;OBSERVED_CONSECUTIVE_EXACT_HITS_ONLY;FALSE
Zuighakselaar / Benzine SH 86;SH 86;184400000;184400000;1;OBSERVED_CONSECUTIVE_EXACT_HITS_ONLY;FALSE
Bladblazer / Benzine BG 86 C-E Blasgerät;BG 86 C-E Blasgerät;184450000;184450000;1;OBSERVED_CONSECUTIVE_EXACT_HITS_ONLY;FALSE
"Motorzaag / Benzine MS 201 C-M 3/8""P P Motorsäge";"MS 201 C-M 3/8""P P Motorsäge";184500000;184500000;1;OBSERVED_CONSECUTIVE_EXACT_HITS_ONLY;FALSE
Bladblazer / Benzine BG 86;BG 86;184550000;184550000;1;OBSERVED_CONSECUTIVE_EXACT_HITS_ONLY;FALSE
"Motorzaag / Benzine MS 201 TC-M 3/8""P P Motorsäge";"MS 201 TC-M 3/8""P P Motorsäge";184600000;184600000;1;OBSERVED_CONSECUTIVE_EXACT_HITS_ONLY;FALSE
"Motorzaag / Benzine MS 251, .325""";"MS 251, .325""";184650000;184650000;1;OBSERVED_CONSECUTIVE_EXACT_HITS_ONLY;FALSE
Zuighakselaar / Benzine SH 86 C-E SaugHäcksler;SH 86 C-E SaugHäcksler;184700000;184700000;1;OBSERVED_CONSECUTIVE_EXACT_HITS_ONLY;FALSE
"Heggenschaar / Benzine HS 82 R, Schnittlänge 60 cm/30""";"HS 82 R, Schnittlänge 60 cm/30""";184750000;184750000;1;OBSERVED_CONSECUTIVE_EXACT_HITS_ONLY;FALSE
Bladblazer / Benzine BG 86;BG 86;184800000;184800000;1;OBSERVED_CONSECUTIVE_EXACT_HITS_ONLY;FALSE
Bosmaaier / Benzine FR 450 Motorsense rückentragbar;FR 450 Motorsense rückentragbar;184850000;184850000;1;OBSERVED_CONSECUTIVE_EXACT_HITS_ONLY;FALSE
"Motorzaag / Benzine MS 311, 3/8""";"MS 311, 3/8""";184900000;184900000;1;OBSERVED_CONSECUTIVE_EXACT_HITS_ONLY;FALSE
"Motorzaag / Benzine MS 201 TC-M Z 3/8""P Motorsäge";"MS 201 TC-M Z 3/8""P Motorsäge";184950000;184950000;1;OBSERVED_CONSECUTIVE_EXACT_HITS_ONLY;FALSE
"Motorzaag / Elektrisch MSE 230 C-BQ 3/8""P P Elektro-Motorsäge";"MSE 230 C-BQ 3/8""P P Elektro-Motorsäge";185000000;185000000;1;OBSERVED_CONSECUTIVE_EXACT_HITS_ONLY;FALSE
"Motorzaag / Benzine MS 361, 3/8""";"MS 361, 3/8""";185050000;185050000;1;OBSERVED_CONSECUTIVE_EXACT_HITS_ONLY;FALSE
"Motorzaag / Benzine MS 461-Z 3/8"" Motorsäge";"MS 461-Z 3/8"" Motorsäge";185100000;185100000;1;OBSERVED_CONSECUTIVE_EXACT_HITS_ONLY;FALSE
Zuighakselaar / Benzine SH 56;SH 56;185150000;185150000;1;OBSERVED_CONSECUTIVE_EXACT_HITS_ONLY;FALSE
"Motorzaag / Benzine MS 462 C-M 3/8"" R";"MS 462 C-M 3/8"" R";185200000;185200000;1;OBSERVED_CONSECUTIVE_EXACT_HITS_ONLY;FALSE
Bladblazer / Benzine BG 56 C-E Blasgerät;BG 56 C-E Blasgerät;185250000;185250000;1;OBSERVED_CONSECUTIVE_EXACT_HITS_ONLY;FALSE
"Motorzaag / Benzine MS 362 C-M 3/8""";"MS 362 C-M 3/8""";185300000;185300000;1;OBSERVED_CONSECUTIVE_EXACT_HITS_ONLY;FALSE
"Motorzaag / Benzine MS 251 C-BE Z .325"" SPUR WoodBoss";"MS 251 C-BE Z .325"" SPUR WoodBoss";185350000;185350000;1;OBSERVED_CONSECUTIVE_EXACT_HITS_ONLY;FALSE
"Doorslijpmachine / Benzine TS 410 Trennschleifer, 300mm/12""";"TS 410 Trennschleifer, 300mm/12""";185400000;185400000;1;OBSERVED_CONSECUTIVE_EXACT_HITS_ONLY;FALSE
Bosmaaier / Benzine FS 460 C-EM Freischneider;FS 460 C-EM Freischneider;185450000;185450000;1;OBSERVED_CONSECUTIVE_EXACT_HITS_ONLY;FALSE
"Motorzaag / Benzine MS 660 .404"" R Magnum Motorsäge";"MS 660 .404"" R Magnum Motorsäge";185500000;185500000;1;OBSERVED_CONSECUTIVE_EXACT_HITS_ONLY;FALSE
Bosmaaier / Benzine FS 560 C-EM Freischneider;FS 560 C-EM Freischneider;185550000;185550000;1;OBSERVED_CONSECUTIVE_EXACT_HITS_ONLY;FALSE
"Motorzaag / Benzine MS 461-Z 3/8"" RIM Magnum Motorsäge";"MS 461-Z 3/8"" RIM Magnum Motorsäge";185600000;185600000;1;OBSERVED_CONSECUTIVE_EXACT_HITS_ONLY;FALSE
"Heggenschaar / Benzine HS 87 R, Heckenschere, 750mm/30""";"HS 87 R, Heckenschere, 750mm/30""";185650000;185650000;1;OBSERVED_CONSECUTIVE_EXACT_HITS_ONLY;FALSE
Zuighakselaar / Benzine SH 86;SH 86;185700000;185700000;1;OBSERVED_CONSECUTIVE_EXACT_HITS_ONLY;FALSE
"Motorzaag / Elektrisch MSE 190 C-Q 3/8""P P Elektro-Motorsäge";"MSE 190 C-Q 3/8""P P Elektro-Motorsäge";185750000;185750000;1;OBSERVED_CONSECUTIVE_EXACT_HITS_ONLY;FALSE
"Motorzaag / Benzine MS 311, 3/8""";"MS 311, 3/8""";185800000;185800000;1;OBSERVED_CONSECUTIVE_EXACT_HITS_ONLY;FALSE
"Motorzaag / Benzine MS 362 3/8"" Motorsäge";"MS 362 3/8"" Motorsäge";185850000;185850000;1;OBSERVED_CONSECUTIVE_EXACT_HITS_ONLY;FALSE
"Motorzaag / Benzine MS 271 .325"" P Motorsäge";"MS 271 .325"" P Motorsäge";185900000;185900000;1;OBSERVED_CONSECUTIVE_EXACT_HITS_ONLY;FALSE
"Motorzaag / Benzine MS 150 TC-E 1/4""P P Motorsäge";"MS 150 TC-E 1/4""P P Motorsäge";185950000;185950000;1;OBSERVED_CONSECUTIVE_EXACT_HITS_ONLY;FALSE
"Motorzaag / Benzine MS 362 C-M 3/8""";"MS 362 C-M 3/8""";186000000;186000000;1;OBSERVED_CONSECUTIVE_EXACT_HITS_ONLY;FALSE
"Motorzaag / Benzine MS 391, 3/8""";"MS 391, 3/8""";186050000;186050000;1;OBSERVED_CONSECUTIVE_EXACT_HITS_ONLY;FALSE
"Motorzaag / Benzine MS 231 3/8""P P Motorsäge";"MS 231 3/8""P P Motorsäge";186100000;186100000;1;OBSERVED_CONSECUTIVE_EXACT_HITS_ONLY;FALSE
Bosmaaier / Benzine FS 410 C-EM Freischneider;FS 410 C-EM Freischneider;186150000;186150000;1;OBSERVED_CONSECUTIVE_EXACT_HITS_ONLY;FALSE
Bladblazer / Benzine BG 86;BG 86;186200000;186200000;1;OBSERVED_CONSECUTIVE_EXACT_HITS_ONLY;FALSE
Zuighakselaar / Benzine SH 56 C-E SaugHäcksler;SH 56 C-E SaugHäcksler;186250000;186250000;1;OBSERVED_CONSECUTIVE_EXACT_HITS_ONLY;FALSE
"Motorzaag / Benzine MS 362 C-M 3/8""";"MS 362 C-M 3/8""";186300000;186300000;1;OBSERVED_CONSECUTIVE_EXACT_HITS_ONLY;FALSE
"Motorzaag / Benzine MS 251, .325""";"MS 251, .325""";186350000;186350000;1;OBSERVED_CONSECUTIVE_EXACT_HITS_ONLY;FALSE
Doorslijpmachine / Benzine TS 700;TS 700;186400000;186400000;1;OBSERVED_CONSECUTIVE_EXACT_HITS_ONLY;FALSE
"Heggenschaar / Benzine HS 82 R, Schnittlänge 60cm/24""";"HS 82 R, Schnittlänge 60cm/24""";186450000;186450000;1;OBSERVED_CONSECUTIVE_EXACT_HITS_ONLY;FALSE
"Heggenschaar / Benzine HS 87 T, Schnittlänge 75cm/30""";"HS 87 T, Schnittlänge 75cm/30""";186500000;186500000;1;OBSERVED_CONSECUTIVE_EXACT_HITS_ONLY;FALSE
"Heggenschaar / Benzine HS 82 T, Schnittlänge 60cm/24""";"HS 82 T, Schnittlänge 60cm/24""";186550000;186550000;1;OBSERVED_CONSECUTIVE_EXACT_HITS_ONLY;FALSE
Doorslijpmachine / Benzine TS 420;TS 420;186600000;186600000;1;OBSERVED_CONSECUTIVE_EXACT_HITS_ONLY;FALSE
"Motorzaag / Benzine MS 310 3/8"" P Motorsäge";"MS 310 3/8"" P Motorsäge";186650000;186650000;1;OBSERVED_CONSECUTIVE_EXACT_HITS_ONLY;FALSE
Zuighakselaar / Benzine SH 86;SH 86;186700000;186700000;1;OBSERVED_CONSECUTIVE_EXACT_HITS_ONLY;FALSE
"Motorzaag / Benzine MS 251 C-BE, .325""";"MS 251 C-BE, .325""";186750000;186750000;1;OBSERVED_CONSECUTIVE_EXACT_HITS_ONLY;FALSE
Heggenschaar / Benzine HS 82 T, 60 cm;HS 82 T, 60 cm;186800000;186800000;1;OBSERVED_CONSECUTIVE_EXACT_HITS_ONLY;FALSE
"Motorzaag / Benzine MS 201 TC-M Z 3/8""P Motorsäge";"MS 201 TC-M Z 3/8""P Motorsäge";186850000;186850000;1;OBSERVED_CONSECUTIVE_EXACT_HITS_ONLY;FALSE
"Motorzaag / Benzine MS 362 C-M 3/8""";"MS 362 C-M 3/8""";186900000;186900000;1;OBSERVED_CONSECUTIVE_EXACT_HITS_ONLY;FALSE
Bosmaaier / Benzine FS 450 Freischneider;FS 450 Freischneider;186950000;186950000;1;OBSERVED_CONSECUTIVE_EXACT_HITS_ONLY;FALSE
"Motorzaag / Benzine MS 201 C-EM 3/8""P Motorsäge";"MS 201 C-EM 3/8""P Motorsäge";187000000;187000000;1;OBSERVED_CONSECUTIVE_EXACT_HITS_ONLY;FALSE
"Motorzaag / Benzine MS 362 C-M Z 3/8"" Motorsäge";"MS 362 C-M Z 3/8"" Motorsäge";187050000;187050000;1;OBSERVED_CONSECUTIVE_EXACT_HITS_ONLY;FALSE
"Motorzaag / Benzine MS 201 TC-M 3/8""P Motorsäge";"MS 201 TC-M 3/8""P Motorsäge";187100000;187100000;1;OBSERVED_CONSECUTIVE_EXACT_HITS_ONLY;FALSE
"Motorzaag / Benzine MS 361, 3/8""";"MS 361, 3/8""";187150000;187150000;1;OBSERVED_CONSECUTIVE_EXACT_HITS_ONLY;FALSE
Doorslijpmachine / Benzine TS 420;TS 420;187200000;187200000;1;OBSERVED_CONSECUTIVE_EXACT_HITS_ONLY;FALSE
Zuighakselaar / Benzine SH 86;SH 86;187250000;187250000;1;OBSERVED_CONSECUTIVE_EXACT_HITS_ONLY;FALSE
Algemeen gemotoriseerd / Benzine SP 482 Spezialernter;SP 482 Spezialernter;187300000;187300000;1;OBSERVED_CONSECUTIVE_EXACT_HITS_ONLY;FALSE
"Motorzaag / Benzine MS 261 C-M .325"" R Motorsäge";"MS 261 C-M .325"" R Motorsäge";187350000;187350000;1;OBSERVED_CONSECUTIVE_EXACT_HITS_ONLY;FALSE
"Motorzaag / Elektrisch MSE 210 C-BQ 3/8""P P Elektro-Motorsäge";"MSE 210 C-BQ 3/8""P P Elektro-Motorsäge";187400000;187400000;1;OBSERVED_CONSECUTIVE_EXACT_HITS_ONLY;FALSE
"Motorzaag / Benzine MS 311-Z 3/8"" Motorsäge";"MS 311-Z 3/8"" Motorsäge";187450000;187450000;1;OBSERVED_CONSECUTIVE_EXACT_HITS_ONLY;FALSE
"Motorzaag / Benzine MS 201 TC-M 3/8""P Motorsäge";"MS 201 TC-M 3/8""P Motorsäge";187500000;187500000;1;OBSERVED_CONSECUTIVE_EXACT_HITS_ONLY;FALSE
"Motorzaag / Benzine MS 271 .325"" P Motorsäge";"MS 271 .325"" P Motorsäge";187550000;187550000;1;OBSERVED_CONSECUTIVE_EXACT_HITS_ONLY;FALSE
"Motorzaag / Benzine MS 251, .325""";"MS 251, .325""";187600000;187600000;1;OBSERVED_CONSECUTIVE_EXACT_HITS_ONLY;FALSE
"Motorzaag / Benzine MS 261 C-M .325"" R Motorsäge";"MS 261 C-M .325"" R Motorsäge";187650000;187650000;1;OBSERVED_CONSECUTIVE_EXACT_HITS_ONLY;FALSE
"Motorzaag / Benzine MS 361 3/8"" R Motorsäge";"MS 361 3/8"" R Motorsäge";187750000;187750000;1;OBSERVED_CONSECUTIVE_EXACT_HITS_ONLY;FALSE
Doorslijpmachine / Benzine TS 420;TS 420;187800000;187800000;1;OBSERVED_CONSECUTIVE_EXACT_HITS_ONLY;FALSE
"Motorzaag / Benzine MS 261, .325""";"MS 261, .325""";187850000;187850000;1;OBSERVED_CONSECUTIVE_EXACT_HITS_ONLY;FALSE
Bladblazer / Benzine BG 56;BG 56;187900000;187900000;1;OBSERVED_CONSECUTIVE_EXACT_HITS_ONLY;FALSE
