input_serial;official_serial_number;alias_type;verification_date;source;source_url;verification_status;generic_zero_prefix_rule_allowed
10000000;010000000;MY_STIHL_LEADING_ZERO_NORMALIZATION;2026-09-26;MY_STIHL;https://app.stihl.com/nl-nl/mystihl/tools/add/serial-number;OFFICIAL_STIHL_LOOKUP;FALSE
10001000;010001000;MY_STIHL_LEADING_ZERO_NORMALIZATION;2026-09-26;MY_STIHL;https://app.stihl.com/nl-nl/mystihl/tools/add/serial-number;OFFICIAL_STIHL_LOOKUP;FALSE
10002000;010002000;MY_STIHL_LEADING_ZERO_NORMALIZATION;2026-09-26;MY_STIHL;https://app.stihl.com/nl-nl/mystihl/tools/add/serial-number;OFFICIAL_STIHL_LOOKUP;FALSE
10003000;010003000;MY_STIHL_LEADING_ZERO_NORMALIZATION;2026-09-26;MY_STIHL;https://app.stihl.com/nl-nl/mystihl/tools/add/serial-number;OFFICIAL_STIHL_LOOKUP;FALSE
10004000;010004000;MY_STIHL_LEADING_ZERO_NORMALIZATION;2026-09-26;MY_STIHL;https://app.stihl.com/nl-nl/mystihl/tools/add/serial-number;OFFICIAL_STIHL_LOOKUP;FALSE
10005000;010005000;MY_STIHL_LEADING_ZERO_NORMALIZATION;2026-09-26;MY_STIHL;https://app.stihl.com/nl-nl/mystihl/tools/add/serial-number;OFFICIAL_STIHL_LOOKUP;FALSE
10013000;010013000;MY_STIHL_LEADING_ZERO_NORMALIZATION;2026-09-26;MY_STIHL;https://app.stihl.com/nl-nl/mystihl/tools/add/serial-number;OFFICIAL_STIHL_LOOKUP;FALSE
10014000;010014000;MY_STIHL_LEADING_ZERO_NORMALIZATION;2026-09-26;MY_STIHL;https://app.stihl.com/nl-nl/mystihl/tools/add/serial-number;OFFICIAL_STIHL_LOOKUP;FALSE
10038000;010038000;MY_STIHL_LEADING_ZERO_NORMALIZATION;2026-09-26;MY_STIHL;https://app.stihl.com/nl-nl/mystihl/tools/add/serial-number;OFFICIAL_STIHL_LOOKUP;FALSE
10039000;010039000;MY_STIHL_LEADING_ZERO_NORMALIZATION;2026-09-26;MY_STIHL;https://app.stihl.com/nl-nl/mystihl/tools/add/serial-number;OFFICIAL_STIHL_LOOKUP;FALSE
10040000;010040000;MY_STIHL_LEADING_ZERO_NORMALIZATION;2026-09-26;MY_STIHL;https://app.stihl.com/nl-nl/mystihl/tools/add/serial-number;OFFICIAL_STIHL_LOOKUP;FALSE
10041000;010041000;MY_STIHL_LEADING_ZERO_NORMALIZATION;2026-09-26;MY_STIHL;https://app.stihl.com/nl-nl/mystihl/tools/add/serial-number;OFFICIAL_STIHL_LOOKUP;FALSE
10042000;010042000;MY_STIHL_LEADING_ZERO_NORMALIZATION;2026-09-26;MY_STIHL;https://app.stihl.com/nl-nl/mystihl/tools/add/serial-number;OFFICIAL_STIHL_LOOKUP;FALSE
10043000;010043000;MY_STIHL_LEADING_ZERO_NORMALIZATION;2026-09-26;MY_STIHL;https://app.stihl.com/nl-nl/mystihl/tools/add/serial-number;OFFICIAL_STIHL_LOOKUP;FALSE
10044000;010044000;MY_STIHL_LEADING_ZERO_NORMALIZATION;2026-09-26;MY_STIHL;https://app.stihl.com/nl-nl/mystihl/tools/add/serial-number;OFFICIAL_STIHL_LOOKUP;FALSE
10046000;010046000;MY_STIHL_LEADING_ZERO_NORMALIZATION;2026-09-26;MY_STIHL;https://app.stihl.com/nl-nl/mystihl/tools/add/serial-number;OFFICIAL_STIHL_LOOKUP;FALSE
10105000;010105000;MY_STIHL_LEADING_ZERO_NORMALIZATION;2026-09-26;MY_STIHL;https://app.stihl.com/nl-nl/mystihl/tools/add/serial-number;OFFICIAL_STIHL_LOOKUP;FALSE
10106000;010106000;MY_STIHL_LEADING_ZERO_NORMALIZATION;2026-09-26;MY_STIHL;https://app.stihl.com/nl-nl/mystihl/tools/add/serial-number;OFFICIAL_STIHL_LOOKUP;FALSE
10107000;010107000;MY_STIHL_LEADING_ZERO_NORMALIZATION;2026-09-26;MY_STIHL;https://app.stihl.com/nl-nl/mystihl/tools/add/serial-number;OFFICIAL_STIHL_LOOKUP;FALSE
10108000;010108000;MY_STIHL_LEADING_ZERO_NORMALIZATION;2026-09-26;MY_STIHL;https://app.stihl.com/nl-nl/mystihl/tools/add/serial-number;OFFICIAL_STIHL_LOOKUP;FALSE
10109000;010109000;MY_STIHL_LEADING_ZERO_NORMALIZATION;2026-09-26;MY_STIHL;https://app.stihl.com/nl-nl/mystihl/tools/add/serial-number;OFFICIAL_STIHL_LOOKUP;FALSE
10110000;010110000;MY_STIHL_LEADING_ZERO_NORMALIZATION;2026-09-26;MY_STIHL;https://app.stihl.com/nl-nl/mystihl/tools/add/serial-number;OFFICIAL_STIHL_LOOKUP;FALSE
10111000;010111000;MY_STIHL_LEADING_ZERO_NORMALIZATION;2026-09-26;MY_STIHL;https://app.stihl.com/nl-nl/mystihl/tools/add/serial-number;OFFICIAL_STIHL_LOOKUP;FALSE
10120000;010120000;MY_STIHL_LEADING_ZERO_NORMALIZATION;2026-09-26;MY_STIHL;https://app.stihl.com/nl-nl/mystihl/tools/add/serial-number;OFFICIAL_STIHL_LOOKUP;FALSE
10121000;010121000;MY_STIHL_LEADING_ZERO_NORMALIZATION;2026-09-26;MY_STIHL;https://app.stihl.com/nl-nl/mystihl/tools/add/serial-number;OFFICIAL_STIHL_LOOKUP;FALSE
10122000;010122000;MY_STIHL_LEADING_ZERO_NORMALIZATION;2026-09-26;MY_STIHL;https://app.stihl.com/nl-nl/mystihl/tools/add/serial-number;OFFICIAL_STIHL_LOOKUP;FALSE
10123000;010123000;MY_STIHL_LEADING_ZERO_NORMALIZATION;2026-09-26;MY_STIHL;https://app.stihl.com/nl-nl/mystihl/tools/add/serial-number;OFFICIAL_STIHL_LOOKUP;FALSE
10124000;010124000;MY_STIHL_LEADING_ZERO_NORMALIZATION;2026-09-26;MY_STIHL;https://app.stihl.com/nl-nl/mystihl/tools/add/serial-number;OFFICIAL_STIHL_LOOKUP;FALSE
10126000;010126000;MY_STIHL_LEADING_ZERO_NORMALIZATION;2026-09-26;MY_STIHL;https://app.stihl.com/nl-nl/mystihl/tools/add/serial-number;OFFICIAL_STIHL_LOOKUP;FALSE
10127000;010127000;MY_STIHL_LEADING_ZERO_NORMALIZATION;2026-09-26;MY_STIHL;https://app.stihl.com/nl-nl/mystihl/tools/add/serial-number;OFFICIAL_STIHL_LOOKUP;FALSE
10128000;010128000;MY_STIHL_LEADING_ZERO_NORMALIZATION;2026-09-26;MY_STIHL;https://app.stihl.com/nl-nl/mystihl/tools/add/serial-number;OFFICIAL_STIHL_LOOKUP;FALSE
10164000;010164000;MY_STIHL_LEADING_ZERO_NORMALIZATION;2026-09-26;MY_STIHL;https://app.stihl.com/nl-nl/mystihl/tools/add/serial-number;OFFICIAL_STIHL_LOOKUP;FALSE
10165000;010165000;MY_STIHL_LEADING_ZERO_NORMALIZATION;2026-09-26;MY_STIHL;https://app.stihl.com/nl-nl/mystihl/tools/add/serial-number;OFFICIAL_STIHL_LOOKUP;FALSE
10166000;010166000;MY_STIHL_LEADING_ZERO_NORMALIZATION;2026-09-26;MY_STIHL;https://app.stihl.com/nl-nl/mystihl/tools/add/serial-number;OFFICIAL_STIHL_LOOKUP;FALSE
10167000;010167000;MY_STIHL_LEADING_ZERO_NORMALIZATION;2026-09-26;MY_STIHL;https://app.stihl.com/nl-nl/mystihl/tools/add/serial-number;OFFICIAL_STIHL_LOOKUP;FALSE
10169000;010169000;MY_STIHL_LEADING_ZERO_NORMALIZATION;2026-09-26;MY_STIHL;https://app.stihl.com/nl-nl/mystihl/tools/add/serial-number;OFFICIAL_STIHL_LOOKUP;FALSE
10170000;010170000;MY_STIHL_LEADING_ZERO_NORMALIZATION;2026-09-26;MY_STIHL;https://app.stihl.com/nl-nl/mystihl/tools/add/serial-number;OFFICIAL_STIHL_LOOKUP;FALSE
10173000;010173000;MY_STIHL_LEADING_ZERO_NORMALIZATION;2026-09-26;MY_STIHL;https://app.stihl.com/nl-nl/mystihl/tools/add/serial-number;OFFICIAL_STIHL_LOOKUP;FALSE
10174000;010174000;MY_STIHL_LEADING_ZERO_NORMALIZATION;2026-09-26;MY_STIHL;https://app.stihl.com/nl-nl/mystihl/tools/add/serial-number;OFFICIAL_STIHL_LOOKUP;FALSE
10175000;010175000;MY_STIHL_LEADING_ZERO_NORMALIZATION;2026-09-26;MY_STIHL;https://app.stihl.com/nl-nl/mystihl/tools/add/serial-number;OFFICIAL_STIHL_LOOKUP;FALSE
10183000;010183000;MY_STIHL_LEADING_ZERO_NORMALIZATION;2026-09-26;MY_STIHL;https://app.stihl.com/nl-nl/mystihl/tools/add/serial-number;OFFICIAL_STIHL_LOOKUP;FALSE
10184000;010184000;MY_STIHL_LEADING_ZERO_NORMALIZATION;2026-09-26;MY_STIHL;https://app.stihl.com/nl-nl/mystihl/tools/add/serial-number;OFFICIAL_STIHL_LOOKUP;FALSE
10213000;010213000;MY_STIHL_LEADING_ZERO_NORMALIZATION;2026-09-26;MY_STIHL;https://app.stihl.com/nl-nl/mystihl/tools/add/serial-number;OFFICIAL_STIHL_LOOKUP;FALSE
10214000;010214000;MY_STIHL_LEADING_ZERO_NORMALIZATION;2026-09-26;MY_STIHL;https://app.stihl.com/nl-nl/mystihl/tools/add/serial-number;OFFICIAL_STIHL_LOOKUP;FALSE
10216000;010216000;MY_STIHL_LEADING_ZERO_NORMALIZATION;2026-09-26;MY_STIHL;https://app.stihl.com/nl-nl/mystihl/tools/add/serial-number;OFFICIAL_STIHL_LOOKUP;FALSE
10218000;010218000;MY_STIHL_LEADING_ZERO_NORMALIZATION;2026-09-26;MY_STIHL;https://app.stihl.com/nl-nl/mystihl/tools/add/serial-number;OFFICIAL_STIHL_LOOKUP;FALSE
10219000;010219000;MY_STIHL_LEADING_ZERO_NORMALIZATION;2026-09-26;MY_STIHL;https://app.stihl.com/nl-nl/mystihl/tools/add/serial-number;OFFICIAL_STIHL_LOOKUP;FALSE
10220000;010220000;MY_STIHL_LEADING_ZERO_NORMALIZATION;2026-09-26;MY_STIHL;https://app.stihl.com/nl-nl/mystihl/tools/add/serial-number;OFFICIAL_STIHL_LOOKUP;FALSE
10235000;010235000;MY_STIHL_LEADING_ZERO_NORMALIZATION;2026-09-26;MY_STIHL;https://app.stihl.com/nl-nl/mystihl/tools/add/serial-number;OFFICIAL_STIHL_LOOKUP;FALSE
10236000;010236000;MY_STIHL_LEADING_ZERO_NORMALIZATION;2026-09-26;MY_STIHL;https://app.stihl.com/nl-nl/mystihl/tools/add/serial-number;OFFICIAL_STIHL_LOOKUP;FALSE
10237000;010237000;MY_STIHL_LEADING_ZERO_NORMALIZATION;2026-09-26;MY_STIHL;https://app.stihl.com/nl-nl/mystihl/tools/add/serial-number;OFFICIAL_STIHL_LOOKUP;FALSE
10238000;010238000;MY_STIHL_LEADING_ZERO_NORMALIZATION;2026-09-26;MY_STIHL;https://app.stihl.com/nl-nl/mystihl/tools/add/serial-number;OFFICIAL_STIHL_LOOKUP;FALSE
10239000;010239000;MY_STIHL_LEADING_ZERO_NORMALIZATION;2026-09-26;MY_STIHL;https://app.stihl.com/nl-nl/mystihl/tools/add/serial-number;OFFICIAL_STIHL_LOOKUP;FALSE
10240000;010240000;MY_STIHL_LEADING_ZERO_NORMALIZATION;2026-09-26;MY_STIHL;https://app.stihl.com/nl-nl/mystihl/tools/add/serial-number;OFFICIAL_STIHL_LOOKUP;FALSE
10241000;010241000;MY_STIHL_LEADING_ZERO_NORMALIZATION;2026-09-26;MY_STIHL;https://app.stihl.com/nl-nl/mystihl/tools/add/serial-number;OFFICIAL_STIHL_LOOKUP;FALSE
10242000;010242000;MY_STIHL_LEADING_ZERO_NORMALIZATION;2026-09-26;MY_STIHL;https://app.stihl.com/nl-nl/mystihl/tools/add/serial-number;OFFICIAL_STIHL_LOOKUP;FALSE
10244000;010244000;MY_STIHL_LEADING_ZERO_NORMALIZATION;2026-09-26;MY_STIHL;https://app.stihl.com/nl-nl/mystihl/tools/add/serial-number;OFFICIAL_STIHL_LOOKUP;FALSE
10246000;010246000;MY_STIHL_LEADING_ZERO_NORMALIZATION;2026-09-26;MY_STIHL;https://app.stihl.com/nl-nl/mystihl/tools/add/serial-number;OFFICIAL_STIHL_LOOKUP;FALSE
10260000;010260000;MY_STIHL_LEADING_ZERO_NORMALIZATION;2026-09-26;MY_STIHL;https://app.stihl.com/nl-nl/mystihl/tools/add/serial-number;OFFICIAL_STIHL_LOOKUP;FALSE
10261000;010261000;MY_STIHL_LEADING_ZERO_NORMALIZATION;2026-09-26;MY_STIHL;https://app.stihl.com/nl-nl/mystihl/tools/add/serial-number;OFFICIAL_STIHL_LOOKUP;FALSE
10262000;010262000;MY_STIHL_LEADING_ZERO_NORMALIZATION;2026-09-26;MY_STIHL;https://app.stihl.com/nl-nl/mystihl/tools/add/serial-number;OFFICIAL_STIHL_LOOKUP;FALSE
10308000;010308000;MY_STIHL_LEADING_ZERO_NORMALIZATION;2026-09-26;MY_STIHL;https://app.stihl.com/nl-nl/mystihl/tools/add/serial-number;OFFICIAL_STIHL_LOOKUP;FALSE
10309000;010309000;MY_STIHL_LEADING_ZERO_NORMALIZATION;2026-09-26;MY_STIHL;https://app.stihl.com/nl-nl/mystihl/tools/add/serial-number;OFFICIAL_STIHL_LOOKUP;FALSE
10310000;010310000;MY_STIHL_LEADING_ZERO_NORMALIZATION;2026-09-26;MY_STIHL;https://app.stihl.com/nl-nl/mystihl/tools/add/serial-number;OFFICIAL_STIHL_LOOKUP;FALSE
10311000;010311000;MY_STIHL_LEADING_ZERO_NORMALIZATION;2026-09-26;MY_STIHL;https://app.stihl.com/nl-nl/mystihl/tools/add/serial-number;OFFICIAL_STIHL_LOOKUP;FALSE
10312000;010312000;MY_STIHL_LEADING_ZERO_NORMALIZATION;2026-09-26;MY_STIHL;https://app.stihl.com/nl-nl/mystihl/tools/add/serial-number;OFFICIAL_STIHL_LOOKUP;FALSE
10313000;010313000;MY_STIHL_LEADING_ZERO_NORMALIZATION;2026-09-26;MY_STIHL;https://app.stihl.com/nl-nl/mystihl/tools/add/serial-number;OFFICIAL_STIHL_LOOKUP;FALSE
10315000;010315000;MY_STIHL_LEADING_ZERO_NORMALIZATION;2026-09-26;MY_STIHL;https://app.stihl.com/nl-nl/mystihl/tools/add/serial-number;OFFICIAL_STIHL_LOOKUP;FALSE
10316000;010316000;MY_STIHL_LEADING_ZERO_NORMALIZATION;2026-09-26;MY_STIHL;https://app.stihl.com/nl-nl/mystihl/tools/add/serial-number;OFFICIAL_STIHL_LOOKUP;FALSE
10317000;010317000;MY_STIHL_LEADING_ZERO_NORMALIZATION;2026-09-26;MY_STIHL;https://app.stihl.com/nl-nl/mystihl/tools/add/serial-number;OFFICIAL_STIHL_LOOKUP;FALSE
10318000;010318000;MY_STIHL_LEADING_ZERO_NORMALIZATION;2026-09-26;MY_STIHL;https://app.stihl.com/nl-nl/mystihl/tools/add/serial-number;OFFICIAL_STIHL_LOOKUP;FALSE
10319000;010319000;MY_STIHL_LEADING_ZERO_NORMALIZATION;2026-09-26;MY_STIHL;https://app.stihl.com/nl-nl/mystihl/tools/add/serial-number;OFFICIAL_STIHL_LOOKUP;FALSE
10320000;010320000;MY_STIHL_LEADING_ZERO_NORMALIZATION;2026-09-26;MY_STIHL;https://app.stihl.com/nl-nl/mystihl/tools/add/serial-number;OFFICIAL_STIHL_LOOKUP;FALSE
10321000;010321000;MY_STIHL_LEADING_ZERO_NORMALIZATION;2026-09-26;MY_STIHL;https://app.stihl.com/nl-nl/mystihl/tools/add/serial-number;OFFICIAL_STIHL_LOOKUP;FALSE
10323000;010323000;MY_STIHL_LEADING_ZERO_NORMALIZATION;2026-09-26;MY_STIHL;https://app.stihl.com/nl-nl/mystihl/tools/add/serial-number;OFFICIAL_STIHL_LOOKUP;FALSE
10324000;010324000;MY_STIHL_LEADING_ZERO_NORMALIZATION;2026-09-26;MY_STIHL;https://app.stihl.com/nl-nl/mystihl/tools/add/serial-number;OFFICIAL_STIHL_LOOKUP;FALSE
10325000;010325000;MY_STIHL_LEADING_ZERO_NORMALIZATION;2026-09-26;MY_STIHL;https://app.stihl.com/nl-nl/mystihl/tools/add/serial-number;OFFICIAL_STIHL_LOOKUP;FALSE
10326000;010326000;MY_STIHL_LEADING_ZERO_NORMALIZATION;2026-09-26;MY_STIHL;https://app.stihl.com/nl-nl/mystihl/tools/add/serial-number;OFFICIAL_STIHL_LOOKUP;FALSE
10355000;010355000;MY_STIHL_LEADING_ZERO_NORMALIZATION;2026-09-26;MY_STIHL;https://app.stihl.com/nl-nl/mystihl/tools/add/serial-number;OFFICIAL_STIHL_LOOKUP;FALSE
10506000;010506000;MY_STIHL_LEADING_ZERO_NORMALIZATION;2026-09-26;MY_STIHL;https://app.stihl.com/nl-nl/mystihl/tools/add/serial-number;OFFICIAL_STIHL_LOOKUP;FALSE
10507000;010507000;MY_STIHL_LEADING_ZERO_NORMALIZATION;2026-09-26;MY_STIHL;https://app.stihl.com/nl-nl/mystihl/tools/add/serial-number;OFFICIAL_STIHL_LOOKUP;FALSE
10508000;010508000;MY_STIHL_LEADING_ZERO_NORMALIZATION;2026-09-26;MY_STIHL;https://app.stihl.com/nl-nl/mystihl/tools/add/serial-number;OFFICIAL_STIHL_LOOKUP;FALSE
10509000;010509000;MY_STIHL_LEADING_ZERO_NORMALIZATION;2026-09-26;MY_STIHL;https://app.stihl.com/nl-nl/mystihl/tools/add/serial-number;OFFICIAL_STIHL_LOOKUP;FALSE
10510000;010510000;MY_STIHL_LEADING_ZERO_NORMALIZATION;2026-09-26;MY_STIHL;https://app.stihl.com/nl-nl/mystihl/tools/add/serial-number;OFFICIAL_STIHL_LOOKUP;FALSE
10511000;010511000;MY_STIHL_LEADING_ZERO_NORMALIZATION;2026-09-26;MY_STIHL;https://app.stihl.com/nl-nl/mystihl/tools/add/serial-number;OFFICIAL_STIHL_LOOKUP;FALSE
10535000;010535000;MY_STIHL_LEADING_ZERO_NORMALIZATION;2026-09-26;MY_STIHL;https://app.stihl.com/nl-nl/mystihl/tools/add/serial-number;OFFICIAL_STIHL_LOOKUP;FALSE
10538000;010538000;MY_STIHL_LEADING_ZERO_NORMALIZATION;2026-09-26;MY_STIHL;https://app.stihl.com/nl-nl/mystihl/tools/add/serial-number;OFFICIAL_STIHL_LOOKUP;FALSE
10539000;010539000;MY_STIHL_LEADING_ZERO_NORMALIZATION;2026-09-26;MY_STIHL;https://app.stihl.com/nl-nl/mystihl/tools/add/serial-number;OFFICIAL_STIHL_LOOKUP;FALSE
10540000;010540000;MY_STIHL_LEADING_ZERO_NORMALIZATION;2026-09-26;MY_STIHL;https://app.stihl.com/nl-nl/mystihl/tools/add/serial-number;OFFICIAL_STIHL_LOOKUP;FALSE
10541000;010541000;MY_STIHL_LEADING_ZERO_NORMALIZATION;2026-09-26;MY_STIHL;https://app.stihl.com/nl-nl/mystihl/tools/add/serial-number;OFFICIAL_STIHL_LOOKUP;FALSE
10542000;010542000;MY_STIHL_LEADING_ZERO_NORMALIZATION;2026-09-26;MY_STIHL;https://app.stihl.com/nl-nl/mystihl/tools/add/serial-number;OFFICIAL_STIHL_LOOKUP;FALSE
10543000;010543000;MY_STIHL_LEADING_ZERO_NORMALIZATION;2026-09-26;MY_STIHL;https://app.stihl.com/nl-nl/mystihl/tools/add/serial-number;OFFICIAL_STIHL_LOOKUP;FALSE
10544000;010544000;MY_STIHL_LEADING_ZERO_NORMALIZATION;2026-09-26;MY_STIHL;https://app.stihl.com/nl-nl/mystihl/tools/add/serial-number;OFFICIAL_STIHL_LOOKUP;FALSE
10545000;010545000;MY_STIHL_LEADING_ZERO_NORMALIZATION;2026-09-26;MY_STIHL;https://app.stihl.com/nl-nl/mystihl/tools/add/serial-number;OFFICIAL_STIHL_LOOKUP;FALSE
10546000;010546000;MY_STIHL_LEADING_ZERO_NORMALIZATION;2026-09-26;MY_STIHL;https://app.stihl.com/nl-nl/mystihl/tools/add/serial-number;OFFICIAL_STIHL_LOOKUP;FALSE
10547000;010547000;MY_STIHL_LEADING_ZERO_NORMALIZATION;2026-09-26;MY_STIHL;https://app.stihl.com/nl-nl/mystihl/tools/add/serial-number;OFFICIAL_STIHL_LOOKUP;FALSE
10548000;010548000;MY_STIHL_LEADING_ZERO_NORMALIZATION;2026-09-26;MY_STIHL;https://app.stihl.com/nl-nl/mystihl/tools/add/serial-number;OFFICIAL_STIHL_LOOKUP;FALSE
10549000;010549000;MY_STIHL_LEADING_ZERO_NORMALIZATION;2026-09-26;MY_STIHL;https://app.stihl.com/nl-nl/mystihl/tools/add/serial-number;OFFICIAL_STIHL_LOOKUP;FALSE
10550000;010550000;MY_STIHL_LEADING_ZERO_NORMALIZATION;2026-09-26;MY_STIHL;https://app.stihl.com/nl-nl/mystihl/tools/add/serial-number;OFFICIAL_STIHL_LOOKUP;FALSE
10551000;010551000;MY_STIHL_LEADING_ZERO_NORMALIZATION;2026-09-26;MY_STIHL;https://app.stihl.com/nl-nl/mystihl/tools/add/serial-number;OFFICIAL_STIHL_LOOKUP;FALSE
10552000;010552000;MY_STIHL_LEADING_ZERO_NORMALIZATION;2026-09-26;MY_STIHL;https://app.stihl.com/nl-nl/mystihl/tools/add/serial-number;OFFICIAL_STIHL_LOOKUP;FALSE
10553000;010553000;MY_STIHL_LEADING_ZERO_NORMALIZATION;2026-09-26;MY_STIHL;https://app.stihl.com/nl-nl/mystihl/tools/add/serial-number;OFFICIAL_STIHL_LOOKUP;FALSE
10554000;010554000;MY_STIHL_LEADING_ZERO_NORMALIZATION;2026-09-26;MY_STIHL;https://app.stihl.com/nl-nl/mystihl/tools/add/serial-number;OFFICIAL_STIHL_LOOKUP;FALSE
10555000;010555000;MY_STIHL_LEADING_ZERO_NORMALIZATION;2026-09-26;MY_STIHL;https://app.stihl.com/nl-nl/mystihl/tools/add/serial-number;OFFICIAL_STIHL_LOOKUP;FALSE
10592000;010592000;MY_STIHL_LEADING_ZERO_NORMALIZATION;2026-09-26;MY_STIHL;https://app.stihl.com/nl-nl/mystihl/tools/add/serial-number;OFFICIAL_STIHL_LOOKUP;FALSE
10594000;010594000;MY_STIHL_LEADING_ZERO_NORMALIZATION;2026-09-26;MY_STIHL;https://app.stihl.com/nl-nl/mystihl/tools/add/serial-number;OFFICIAL_STIHL_LOOKUP;FALSE
10597000;010597000;MY_STIHL_LEADING_ZERO_NORMALIZATION;2026-09-26;MY_STIHL;https://app.stihl.com/nl-nl/mystihl/tools/add/serial-number;OFFICIAL_STIHL_LOOKUP;FALSE
10598000;010598000;MY_STIHL_LEADING_ZERO_NORMALIZATION;2026-09-26;MY_STIHL;https://app.stihl.com/nl-nl/mystihl/tools/add/serial-number;OFFICIAL_STIHL_LOOKUP;FALSE
10599000;010599000;MY_STIHL_LEADING_ZERO_NORMALIZATION;2026-09-26;MY_STIHL;https://app.stihl.com/nl-nl/mystihl/tools/add/serial-number;OFFICIAL_STIHL_LOOKUP;FALSE
10607000;010607000;MY_STIHL_LEADING_ZERO_NORMALIZATION;2026-09-26;MY_STIHL;https://app.stihl.com/nl-nl/mystihl/tools/add/serial-number;OFFICIAL_STIHL_LOOKUP;FALSE
10608000;010608000;MY_STIHL_LEADING_ZERO_NORMALIZATION;2026-09-26;MY_STIHL;https://app.stihl.com/nl-nl/mystihl/tools/add/serial-number;OFFICIAL_STIHL_LOOKUP;FALSE
10609000;010609000;MY_STIHL_LEADING_ZERO_NORMALIZATION;2026-09-26;MY_STIHL;https://app.stihl.com/nl-nl/mystihl/tools/add/serial-number;OFFICIAL_STIHL_LOOKUP;FALSE
10610000;010610000;MY_STIHL_LEADING_ZERO_NORMALIZATION;2026-09-26;MY_STIHL;https://app.stihl.com/nl-nl/mystihl/tools/add/serial-number;OFFICIAL_STIHL_LOOKUP;FALSE
10611000;010611000;MY_STIHL_LEADING_ZERO_NORMALIZATION;2026-09-26;MY_STIHL;https://app.stihl.com/nl-nl/mystihl/tools/add/serial-number;OFFICIAL_STIHL_LOOKUP;FALSE
10612000;010612000;MY_STIHL_LEADING_ZERO_NORMALIZATION;2026-09-26;MY_STIHL;https://app.stihl.com/nl-nl/mystihl/tools/add/serial-number;OFFICIAL_STIHL_LOOKUP;FALSE
11003000;011003000;MY_STIHL_LEADING_ZERO_NORMALIZATION;2026-09-26;MY_STIHL;https://app.stihl.com/nl-nl/mystihl/tools/add/serial-number;OFFICIAL_STIHL_LOOKUP;FALSE
11014000;011014000;MY_STIHL_LEADING_ZERO_NORMALIZATION;2026-09-26;MY_STIHL;https://app.stihl.com/nl-nl/mystihl/tools/add/serial-number;OFFICIAL_STIHL_LOOKUP;FALSE
11021000;011021000;MY_STIHL_LEADING_ZERO_NORMALIZATION;2026-09-26;MY_STIHL;https://app.stihl.com/nl-nl/mystihl/tools/add/serial-number;OFFICIAL_STIHL_LOOKUP;FALSE
11039000;011039000;MY_STIHL_LEADING_ZERO_NORMALIZATION;2026-09-26;MY_STIHL;https://app.stihl.com/nl-nl/mystihl/tools/add/serial-number;OFFICIAL_STIHL_LOOKUP;FALSE
11041000;011041000;MY_STIHL_LEADING_ZERO_NORMALIZATION;2026-09-26;MY_STIHL;https://app.stihl.com/nl-nl/mystihl/tools/add/serial-number;OFFICIAL_STIHL_LOOKUP;FALSE
11042000;011042000;MY_STIHL_LEADING_ZERO_NORMALIZATION;2026-09-26;MY_STIHL;https://app.stihl.com/nl-nl/mystihl/tools/add/serial-number;OFFICIAL_STIHL_LOOKUP;FALSE
11043000;011043000;MY_STIHL_LEADING_ZERO_NORMALIZATION;2026-09-26;MY_STIHL;https://app.stihl.com/nl-nl/mystihl/tools/add/serial-number;OFFICIAL_STIHL_LOOKUP;FALSE
11044000;011044000;MY_STIHL_LEADING_ZERO_NORMALIZATION;2026-09-26;MY_STIHL;https://app.stihl.com/nl-nl/mystihl/tools/add/serial-number;OFFICIAL_STIHL_LOOKUP;FALSE
11045000;011045000;MY_STIHL_LEADING_ZERO_NORMALIZATION;2026-09-26;MY_STIHL;https://app.stihl.com/nl-nl/mystihl/tools/add/serial-number;OFFICIAL_STIHL_LOOKUP;FALSE
11053000;011053000;MY_STIHL_LEADING_ZERO_NORMALIZATION;2026-09-26;MY_STIHL;https://app.stihl.com/nl-nl/mystihl/tools/add/serial-number;OFFICIAL_STIHL_LOOKUP;FALSE
11085000;011085000;MY_STIHL_LEADING_ZERO_NORMALIZATION;2026-09-26;MY_STIHL;https://app.stihl.com/nl-nl/mystihl/tools/add/serial-number;OFFICIAL_STIHL_LOOKUP;FALSE
11086000;011086000;MY_STIHL_LEADING_ZERO_NORMALIZATION;2026-09-26;MY_STIHL;https://app.stihl.com/nl-nl/mystihl/tools/add/serial-number;OFFICIAL_STIHL_LOOKUP;FALSE
11087000;011087000;MY_STIHL_LEADING_ZERO_NORMALIZATION;2026-09-26;MY_STIHL;https://app.stihl.com/nl-nl/mystihl/tools/add/serial-number;OFFICIAL_STIHL_LOOKUP;FALSE
11088000;011088000;MY_STIHL_LEADING_ZERO_NORMALIZATION;2026-09-26;MY_STIHL;https://app.stihl.com/nl-nl/mystihl/tools/add/serial-number;OFFICIAL_STIHL_LOOKUP;FALSE
11095000;011095000;MY_STIHL_LEADING_ZERO_NORMALIZATION;2026-09-26;MY_STIHL;https://app.stihl.com/nl-nl/mystihl/tools/add/serial-number;OFFICIAL_STIHL_LOOKUP;FALSE
11148000;011148000;MY_STIHL_LEADING_ZERO_NORMALIZATION;2026-09-26;MY_STIHL;https://app.stihl.com/nl-nl/mystihl/tools/add/serial-number;OFFICIAL_STIHL_LOOKUP;FALSE
11149000;011149000;MY_STIHL_LEADING_ZERO_NORMALIZATION;2026-09-26;MY_STIHL;https://app.stihl.com/nl-nl/mystihl/tools/add/serial-number;OFFICIAL_STIHL_LOOKUP;FALSE
11150000;011150000;MY_STIHL_LEADING_ZERO_NORMALIZATION;2026-09-26;MY_STIHL;https://app.stihl.com/nl-nl/mystihl/tools/add/serial-number;OFFICIAL_STIHL_LOOKUP;FALSE
11151000;011151000;MY_STIHL_LEADING_ZERO_NORMALIZATION;2026-09-26;MY_STIHL;https://app.stihl.com/nl-nl/mystihl/tools/add/serial-number;OFFICIAL_STIHL_LOOKUP;FALSE
11152000;011152000;MY_STIHL_LEADING_ZERO_NORMALIZATION;2026-09-26;MY_STIHL;https://app.stihl.com/nl-nl/mystihl/tools/add/serial-number;OFFICIAL_STIHL_LOOKUP;FALSE
11181000;011181000;MY_STIHL_LEADING_ZERO_NORMALIZATION;2026-09-26;MY_STIHL;https://app.stihl.com/nl-nl/mystihl/tools/add/serial-number;OFFICIAL_STIHL_LOOKUP;FALSE
11182000;011182000;MY_STIHL_LEADING_ZERO_NORMALIZATION;2026-09-26;MY_STIHL;https://app.stihl.com/nl-nl/mystihl/tools/add/serial-number;OFFICIAL_STIHL_LOOKUP;FALSE
11287000;011287000;MY_STIHL_LEADING_ZERO_NORMALIZATION;2026-09-26;MY_STIHL;https://app.stihl.com/nl-nl/mystihl/tools/add/serial-number;OFFICIAL_STIHL_LOOKUP;FALSE
11288000;011288000;MY_STIHL_LEADING_ZERO_NORMALIZATION;2026-09-26;MY_STIHL;https://app.stihl.com/nl-nl/mystihl/tools/add/serial-number;OFFICIAL_STIHL_LOOKUP;FALSE
11289000;011289000;MY_STIHL_LEADING_ZERO_NORMALIZATION;2026-09-26;MY_STIHL;https://app.stihl.com/nl-nl/mystihl/tools/add/serial-number;OFFICIAL_STIHL_LOOKUP;FALSE
11300000;011300000;MY_STIHL_LEADING_ZERO_NORMALIZATION;2026-09-26;MY_STIHL;https://app.stihl.com/nl-nl/mystihl/tools/add/serial-number;OFFICIAL_STIHL_LOOKUP;FALSE
11356000;011356000;MY_STIHL_LEADING_ZERO_NORMALIZATION;2026-09-26;MY_STIHL;https://app.stihl.com/nl-nl/mystihl/tools/add/serial-number;OFFICIAL_STIHL_LOOKUP;FALSE
11358000;011358000;MY_STIHL_LEADING_ZERO_NORMALIZATION;2026-09-26;MY_STIHL;https://app.stihl.com/nl-nl/mystihl/tools/add/serial-number;OFFICIAL_STIHL_LOOKUP;FALSE
11359000;011359000;MY_STIHL_LEADING_ZERO_NORMALIZATION;2026-09-26;MY_STIHL;https://app.stihl.com/nl-nl/mystihl/tools/add/serial-number;OFFICIAL_STIHL_LOOKUP;FALSE
11360000;011360000;MY_STIHL_LEADING_ZERO_NORMALIZATION;2026-09-26;MY_STIHL;https://app.stihl.com/nl-nl/mystihl/tools/add/serial-number;OFFICIAL_STIHL_LOOKUP;FALSE
11361000;011361000;MY_STIHL_LEADING_ZERO_NORMALIZATION;2026-09-26;MY_STIHL;https://app.stihl.com/nl-nl/mystihl/tools/add/serial-number;OFFICIAL_STIHL_LOOKUP;FALSE
11362000;011362000;MY_STIHL_LEADING_ZERO_NORMALIZATION;2026-09-26;MY_STIHL;https://app.stihl.com/nl-nl/mystihl/tools/add/serial-number;OFFICIAL_STIHL_LOOKUP;FALSE
11363000;011363000;MY_STIHL_LEADING_ZERO_NORMALIZATION;2026-09-26;MY_STIHL;https://app.stihl.com/nl-nl/mystihl/tools/add/serial-number;OFFICIAL_STIHL_LOOKUP;FALSE
11364000;011364000;MY_STIHL_LEADING_ZERO_NORMALIZATION;2026-09-26;MY_STIHL;https://app.stihl.com/nl-nl/mystihl/tools/add/serial-number;OFFICIAL_STIHL_LOOKUP;FALSE
11365000;011365000;MY_STIHL_LEADING_ZERO_NORMALIZATION;2026-09-26;MY_STIHL;https://app.stihl.com/nl-nl/mystihl/tools/add/serial-number;OFFICIAL_STIHL_LOOKUP;FALSE
11366000;011366000;MY_STIHL_LEADING_ZERO_NORMALIZATION;2026-09-26;MY_STIHL;https://app.stihl.com/nl-nl/mystihl/tools/add/serial-number;OFFICIAL_STIHL_LOOKUP;FALSE
11367000;011367000;MY_STIHL_LEADING_ZERO_NORMALIZATION;2026-09-26;MY_STIHL;https://app.stihl.com/nl-nl/mystihl/tools/add/serial-number;OFFICIAL_STIHL_LOOKUP;FALSE
11368000;011368000;MY_STIHL_LEADING_ZERO_NORMALIZATION;2026-09-26;MY_STIHL;https://app.stihl.com/nl-nl/mystihl/tools/add/serial-number;OFFICIAL_STIHL_LOOKUP;FALSE
11369000;011369000;MY_STIHL_LEADING_ZERO_NORMALIZATION;2026-09-26;MY_STIHL;https://app.stihl.com/nl-nl/mystihl/tools/add/serial-number;OFFICIAL_STIHL_LOOKUP;FALSE
11370000;011370000;MY_STIHL_LEADING_ZERO_NORMALIZATION;2026-09-26;MY_STIHL;https://app.stihl.com/nl-nl/mystihl/tools/add/serial-number;OFFICIAL_STIHL_LOOKUP;FALSE
11371000;011371000;MY_STIHL_LEADING_ZERO_NORMALIZATION;2026-09-26;MY_STIHL;https://app.stihl.com/nl-nl/mystihl/tools/add/serial-number;OFFICIAL_STIHL_LOOKUP;FALSE
11372000;011372000;MY_STIHL_LEADING_ZERO_NORMALIZATION;2026-09-26;MY_STIHL;https://app.stihl.com/nl-nl/mystihl/tools/add/serial-number;OFFICIAL_STIHL_LOOKUP;FALSE
11373000;011373000;MY_STIHL_LEADING_ZERO_NORMALIZATION;2026-09-26;MY_STIHL;https://app.stihl.com/nl-nl/mystihl/tools/add/serial-number;OFFICIAL_STIHL_LOOKUP;FALSE
11374000;011374000;MY_STIHL_LEADING_ZERO_NORMALIZATION;2026-09-26;MY_STIHL;https://app.stihl.com/nl-nl/mystihl/tools/add/serial-number;OFFICIAL_STIHL_LOOKUP;FALSE
11375000;011375000;MY_STIHL_LEADING_ZERO_NORMALIZATION;2026-09-26;MY_STIHL;https://app.stihl.com/nl-nl/mystihl/tools/add/serial-number;OFFICIAL_STIHL_LOOKUP;FALSE
11376000;011376000;MY_STIHL_LEADING_ZERO_NORMALIZATION;2026-09-26;MY_STIHL;https://app.stihl.com/nl-nl/mystihl/tools/add/serial-number;OFFICIAL_STIHL_LOOKUP;FALSE
11377000;011377000;MY_STIHL_LEADING_ZERO_NORMALIZATION;2026-09-26;MY_STIHL;https://app.stihl.com/nl-nl/mystihl/tools/add/serial-number;OFFICIAL_STIHL_LOOKUP;FALSE
11379000;011379000;MY_STIHL_LEADING_ZERO_NORMALIZATION;2026-09-26;MY_STIHL;https://app.stihl.com/nl-nl/mystihl/tools/add/serial-number;OFFICIAL_STIHL_LOOKUP;FALSE
11380000;011380000;MY_STIHL_LEADING_ZERO_NORMALIZATION;2026-09-26;MY_STIHL;https://app.stihl.com/nl-nl/mystihl/tools/add/serial-number;OFFICIAL_STIHL_LOOKUP;FALSE
11381000;011381000;MY_STIHL_LEADING_ZERO_NORMALIZATION;2026-09-26;MY_STIHL;https://app.stihl.com/nl-nl/mystihl/tools/add/serial-number;OFFICIAL_STIHL_LOOKUP;FALSE
11382000;011382000;MY_STIHL_LEADING_ZERO_NORMALIZATION;2026-09-26;MY_STIHL;https://app.stihl.com/nl-nl/mystihl/tools/add/serial-number;OFFICIAL_STIHL_LOOKUP;FALSE
11383000;011383000;MY_STIHL_LEADING_ZERO_NORMALIZATION;2026-09-26;MY_STIHL;https://app.stihl.com/nl-nl/mystihl/tools/add/serial-number;OFFICIAL_STIHL_LOOKUP;FALSE
11384000;011384000;MY_STIHL_LEADING_ZERO_NORMALIZATION;2026-09-26;MY_STIHL;https://app.stihl.com/nl-nl/mystihl/tools/add/serial-number;OFFICIAL_STIHL_LOOKUP;FALSE
11430000;011430000;MY_STIHL_LEADING_ZERO_NORMALIZATION;2026-09-26;MY_STIHL;https://app.stihl.com/nl-nl/mystihl/tools/add/serial-number;OFFICIAL_STIHL_LOOKUP;FALSE
11439000;011439000;MY_STIHL_LEADING_ZERO_NORMALIZATION;2026-09-26;MY_STIHL;https://app.stihl.com/nl-nl/mystihl/tools/add/serial-number;OFFICIAL_STIHL_LOOKUP;FALSE
11440000;011440000;MY_STIHL_LEADING_ZERO_NORMALIZATION;2026-09-26;MY_STIHL;https://app.stihl.com/nl-nl/mystihl/tools/add/serial-number;OFFICIAL_STIHL_LOOKUP;FALSE
