official_identity;exact_serial_count;category_raw;drive_type_raw;official_product_name;model_candidate;canonical_model_id;mapping_status
"Motorzaag / Benzine MS 440-Z 3/8"" RIM Magnum Motorsäge";104;Motorzaag;Benzine;"MS 440-Z 3/8"" RIM Magnum Motorsäge";MS 440;stihl_ms_440;KNOWN_EXISTING_ANCHOR
"Motorzaag / Benzine 070 .404"" P Motorsäge";77;Motorzaag;Benzine;"070 .404"" P Motorsäge";070;;RUNTIME_REPO_MATCH_REQUIRED
"Motorzaag / Benzine 08 S .404""7Z-P- STIHL Motorsäge";41;Motorzaag;Benzine;"08 S .404""7Z-P- STIHL Motorsäge";08 S;;RUNTIME_REPO_MATCH_REQUIRED
"Motorzaag / Benzine 051 .404"" P Motorsäge";22;Motorzaag;Benzine;"051 .404"" P Motorsäge";051;;RUNTIME_REPO_MATCH_REQUIRED
"Motorzaag / Benzine MS 310 3/8"" P Motorsäge";14;Motorzaag;Benzine;"MS 310 3/8"" P Motorsäge";MS 310;;RUNTIME_REPO_MATCH_REQUIRED
Motorzaag / Benzine 08 SQ STIHL Motorsäge;11;Motorzaag;Benzine;08 SQ STIHL Motorsäge;08 SQ;;RUNTIME_REPO_MATCH_REQUIRED
Doorslijpmachine / Benzine TS 420;11;Doorslijpmachine;Benzine;TS 420;TS 420;;RUNTIME_REPO_MATCH_REQUIRED
Bosmaaier / Benzine FS 460 C-EM Freischneider;10;Bosmaaier;Benzine;FS 460 C-EM Freischneider;FS 460 C-EM;;RUNTIME_REPO_MATCH_REQUIRED
Doorslijpmachine / Benzine TS 400-Z Trennschleifer;9;Doorslijpmachine;Benzine;TS 400-Z Trennschleifer;TS 400;;RUNTIME_REPO_MATCH_REQUIRED
"Motorzaag / Benzine 070 .404"" Motorsäge";9;Motorzaag;Benzine;"070 .404"" Motorsäge";070;;RUNTIME_REPO_MATCH_REQUIRED
"Motorzaag / Benzine MS 260 .325"" P Motorsäge";8;Motorzaag;Benzine;"MS 260 .325"" P Motorsäge";MS 260;;RUNTIME_REPO_MATCH_REQUIRED
"Motorzaag / Benzine MS 250 .325"" P Motorsäge";8;Motorzaag;Benzine;"MS 250 .325"" P Motorsäge";MS 250;;RUNTIME_REPO_MATCH_REQUIRED
"Motorzaag / Benzine MS 261 C-M .325"" R Motorsäge";8;Motorzaag;Benzine;"MS 261 C-M .325"" R Motorsäge";MS 261 C-M;;RUNTIME_REPO_MATCH_REQUIRED
"Motorzaag / Benzine MS 230 3/8""P Motorsäge";7;Motorzaag;Benzine;"MS 230 3/8""P Motorsäge";MS 230;;RUNTIME_REPO_MATCH_REQUIRED
Bosmaaier / Benzine FS 55 Motorsense;7;Bosmaaier;Benzine;FS 55 Motorsense;FS 55;;RUNTIME_REPO_MATCH_REQUIRED
"Motorzaag / Benzine MS 250 3/8""P Motorsäge";7;Motorzaag;Benzine;"MS 250 3/8""P Motorsäge";MS 250;;RUNTIME_REPO_MATCH_REQUIRED
Algemeen gemotoriseerd / Benzine 08 S Ersatzmotor;6;Algemeen gemotoriseerd;Benzine;08 S Ersatzmotor;08 S;;RUNTIME_REPO_MATCH_REQUIRED
Doorslijpmachine / Benzine TS 400 Trennschleifer;6;Doorslijpmachine;Benzine;TS 400 Trennschleifer;TS 400;;RUNTIME_REPO_MATCH_REQUIRED
Bosmaaier / Benzine FS 450 Freischneider;6;Bosmaaier;Benzine;FS 450 Freischneider;FS 450;;RUNTIME_REPO_MATCH_REQUIRED
"Motorzaag / Benzine MS 231 3/8""P P Motorsäge";6;Motorzaag;Benzine;"MS 231 3/8""P P Motorsäge";MS 231;;RUNTIME_REPO_MATCH_REQUIRED
Zuighakselaar / Benzine SH 86;6;Zuighakselaar;Benzine;SH 86;SH 86;;RUNTIME_REPO_MATCH_REQUIRED
Bosmaaier / Benzine FS 120 Motorsense;5;Bosmaaier;Benzine;FS 120 Motorsense;FS 120;;RUNTIME_REPO_MATCH_REQUIRED
"Motorzaag / Benzine MS 440 3/8"" R Motorsäge";5;Motorzaag;Benzine;"MS 440 3/8"" R Motorsäge";MS 440;;RUNTIME_REPO_MATCH_REQUIRED
"Motorzaag / Benzine MS 290 3/8"" P Motorsäge";5;Motorzaag;Benzine;"MS 290 3/8"" P Motorsäge";MS 290;;RUNTIME_REPO_MATCH_REQUIRED
Zuighakselaar / Benzine SH 85 SaugHäcksler;5;Zuighakselaar;Benzine;SH 85 SaugHäcksler;SH 85;;RUNTIME_REPO_MATCH_REQUIRED
Doorslijpmachine / Benzine TS 410;5;Doorslijpmachine;Benzine;TS 410;TS 410;;RUNTIME_REPO_MATCH_REQUIRED
"Motorzaag / Benzine MS 660 .404"" R Magnum Motorsäge";5;Motorzaag;Benzine;"MS 660 .404"" R Magnum Motorsäge";MS 660;;RUNTIME_REPO_MATCH_REQUIRED
"Motorzaag / Benzine MS 251 3/8""P P Motorsäge";5;Motorzaag;Benzine;"MS 251 3/8""P P Motorsäge";MS 251;;RUNTIME_REPO_MATCH_REQUIRED
Bosmaaier / Benzine FS 260 C-E Freischneider;5;Bosmaaier;Benzine;FS 260 C-E Freischneider;FS 260 C-E;;RUNTIME_REPO_MATCH_REQUIRED
"Motorzaag / Benzine MS 361, 3/8""";5;Motorzaag;Benzine;"MS 361, 3/8""";MS 361;;RUNTIME_REPO_MATCH_REQUIRED
"Motorzaag / Benzine MS 271 .325"" P Motorsäge";5;Motorzaag;Benzine;"MS 271 .325"" P Motorsäge";MS 271;;RUNTIME_REPO_MATCH_REQUIRED
"Motorzaag / Benzine MS 251, .325""";5;Motorzaag;Benzine;"MS 251, .325""";MS 251;;RUNTIME_REPO_MATCH_REQUIRED
Bladblazer / Benzine BG 86;5;Bladblazer;Benzine;BG 86;BG 86;;RUNTIME_REPO_MATCH_REQUIRED
Toebehoren / Benzine BT 308 50 1/MIN;4;Toebehoren;Benzine;BT 308 50 1/MIN;BT 308;;RUNTIME_REPO_MATCH_REQUIRED
Toebehoren USG Schärfgerät;4;;;Toebehoren USG Schärfgerät;;;RUNTIME_REPO_MATCH_REQUIRED
Bosmaaier / Benzine FS 350 Freischneider;4;Bosmaaier;Benzine;FS 350 Freischneider;FS 350;;RUNTIME_REPO_MATCH_REQUIRED
"Heggenschaar / Benzine HS 81 R Cutter Heckenschere, 600mm/24""";4;Heggenschaar;Benzine;"HS 81 R Cutter Heckenschere, 600mm/24""";HS 81 R;;RUNTIME_REPO_MATCH_REQUIRED
"Motorzaag / Benzine MS 250 .325"" Motorsäge";4;Motorzaag;Benzine;"MS 250 .325"" Motorsäge";MS 250;;RUNTIME_REPO_MATCH_REQUIRED
Bosmaaier / Benzine FS 450-K Freischneider;4;Bosmaaier;Benzine;FS 450-K Freischneider;FS;;RUNTIME_REPO_MATCH_REQUIRED
Bosmaaier / Benzine FS 410 C-E Freischneider;4;Bosmaaier;Benzine;FS 410 C-E Freischneider;FS 410 C-E;;RUNTIME_REPO_MATCH_REQUIRED
"Doorslijpmachine / Benzine TS 800 Trennschleifer, 400mm/16""";4;Doorslijpmachine;Benzine;"TS 800 Trennschleifer, 400mm/16""";TS 800;;RUNTIME_REPO_MATCH_REQUIRED
"Motorzaag / Benzine MS 361 3/8"" R Motorsäge";4;Motorzaag;Benzine;"MS 361 3/8"" R Motorsäge";MS 361;;RUNTIME_REPO_MATCH_REQUIRED
"Motorzaag / Benzine MS 362 C-M 3/8""";4;Motorzaag;Benzine;"MS 362 C-M 3/8""";MS 362 C-M;;RUNTIME_REPO_MATCH_REQUIRED
"Motorzaag / Elektrisch MSE 180 C-BQ 3/8""P Elektro-Motorsäge";3;Motorzaag;Elektrisch;"MSE 180 C-BQ 3/8""P Elektro-Motorsäge";MSE 180 C-BQ;;RUNTIME_REPO_MATCH_REQUIRED
Bosmaaier / Benzine FS 400 Freischneider;3;Bosmaaier;Benzine;FS 400 Freischneider;FS 400;;RUNTIME_REPO_MATCH_REQUIRED
"Motorzaag / Benzine MS 210 C-BE 3/8""P P Motorsäge";3;Motorzaag;Benzine;"MS 210 C-BE 3/8""P P Motorsäge";MS 210 C-BE;;RUNTIME_REPO_MATCH_REQUIRED
"Motorzaag / Benzine MS 390 3/8"" P Motorsäge";3;Motorzaag;Benzine;"MS 390 3/8"" P Motorsäge";MS 390;;RUNTIME_REPO_MATCH_REQUIRED
"Motorzaag / Benzine MS 250 C-BE Z .325"" P WoodBoss Motorsäge";3;Motorzaag;Benzine;"MS 250 C-BE Z .325"" P WoodBoss Motorsäge";MS 250 C-BE;;RUNTIME_REPO_MATCH_REQUIRED
Combimotor / Benzine KM 85 R;3;Combimotor;Benzine;KM 85 R;KM 85 R;;RUNTIME_REPO_MATCH_REQUIRED
"Motorzaag / Benzine MS 260 .325"" R FarmBoss Motorsäge";3;Motorzaag;Benzine;"MS 260 .325"" R FarmBoss Motorsäge";MS 260;;RUNTIME_REPO_MATCH_REQUIRED
Doorslijpmachine / Benzine TS 400;3;Doorslijpmachine;Benzine;TS 400;TS 400;;RUNTIME_REPO_MATCH_REQUIRED
"Motorzaag / Elektrisch MSE 140 C-Q 3/8""P Elektro-Motorsäge";3;Motorzaag;Elektrisch;"MSE 140 C-Q 3/8""P Elektro-Motorsäge";MSE 140 C-Q;;RUNTIME_REPO_MATCH_REQUIRED
"Doorslijpmachine / Benzine TS 420-Z Trennschleifer, 350mm/14""";3;Doorslijpmachine;Benzine;"TS 420-Z Trennschleifer, 350mm/14""";TS 420;;RUNTIME_REPO_MATCH_REQUIRED
"Motorzaag / Benzine MS 251 .325"" P Motorsäge";3;Motorzaag;Benzine;"MS 251 .325"" P Motorsäge";MS 251;;RUNTIME_REPO_MATCH_REQUIRED
"Motorzaag / Benzine MS 660 3/8"" R Magnum Motorsäge";3;Motorzaag;Benzine;"MS 660 3/8"" R Magnum Motorsäge";MS 660;;RUNTIME_REPO_MATCH_REQUIRED
"Motorzaag / Benzine MS 461-Z 3/8"" Motorsäge";3;Motorzaag;Benzine;"MS 461-Z 3/8"" Motorsäge";MS 461;;RUNTIME_REPO_MATCH_REQUIRED
Bosmaaier / Benzine FS 560 C-EM Freischneider;3;Bosmaaier;Benzine;FS 560 C-EM Freischneider;FS 560 C-EM;;RUNTIME_REPO_MATCH_REQUIRED
Bosmaaier / Benzine FS 240 Freischneider;3;Bosmaaier;Benzine;FS 240 Freischneider;FS 240;;RUNTIME_REPO_MATCH_REQUIRED
"Motorzaag / Benzine 076 AVEQ .404""7Z-P- STIHL Motorsäge";2;Motorzaag;Benzine;"076 AVEQ .404""7Z-P- STIHL Motorsäge";076;;RUNTIME_REPO_MATCH_REQUIRED
Toebehoren BT309-660 1/MIN;2;;;Toebehoren BT309-660 1/MIN;;;RUNTIME_REPO_MATCH_REQUIRED
"Motorzaag / Benzine MS 460-RZ 3/8"" RIM Magnum Motorsäge";2;Motorzaag;Benzine;"MS 460-RZ 3/8"" RIM Magnum Motorsäge";MS;;RUNTIME_REPO_MATCH_REQUIRED
"Heggenschaar / Benzine HS 45 Heckenschere, 600mm/24""";2;Heggenschaar;Benzine;"HS 45 Heckenschere, 600mm/24""";HS 45;;RUNTIME_REPO_MATCH_REQUIRED
Bosmaaier / Benzine FS 80 Motorsense;2;Bosmaaier;Benzine;FS 80 Motorsense;FS 80;;RUNTIME_REPO_MATCH_REQUIRED
Bosmaaier / Benzine FS 85 Motorsense;2;Bosmaaier;Benzine;FS 85 Motorsense;FS 85;;RUNTIME_REPO_MATCH_REQUIRED
Bosmaaier / Benzine FS 55 R Motorsense;2;Bosmaaier;Benzine;FS 55 R Motorsense;FS 55 R;;RUNTIME_REPO_MATCH_REQUIRED
"Motorzaag / Benzine MS 230 C-BE Z .325"" P WoodBoss Motorsäge";2;Motorzaag;Benzine;"MS 230 C-BE Z .325"" P WoodBoss Motorsäge";MS 230 C-BE;;RUNTIME_REPO_MATCH_REQUIRED
"Motorzaag / Benzine MS 650-Z 3/8"" RIM Magnum Motorsäge";2;Motorzaag;Benzine;"MS 650-Z 3/8"" RIM Magnum Motorsäge";MS 650;;RUNTIME_REPO_MATCH_REQUIRED
Bosmaaier / Benzine FS 300 Freischneider;2;Bosmaaier;Benzine;FS 300 Freischneider;FS 300;;RUNTIME_REPO_MATCH_REQUIRED
"Heggenschaar / Benzine HS 85 Heckenschere,750mm/30""";2;Heggenschaar;Benzine;"HS 85 Heckenschere,750mm/30""";HS 85;;RUNTIME_REPO_MATCH_REQUIRED
Bosmaaier / Benzine FS 480 Freischneider;2;Bosmaaier;Benzine;FS 480 Freischneider;FS 480;;RUNTIME_REPO_MATCH_REQUIRED
"Heggenschaar / Benzine HS 45 Heckenschere, 450mm/18""";2;Heggenschaar;Benzine;"HS 45 Heckenschere, 450mm/18""";HS 45;;RUNTIME_REPO_MATCH_REQUIRED
"Heggenschaar / Benzine HS 80 Heckenschere,750mm/30""";2;Heggenschaar;Benzine;"HS 80 Heckenschere,750mm/30""";HS 80;;RUNTIME_REPO_MATCH_REQUIRED
Bladblazer / Benzine BG 85 Blasgerät;2;Bladblazer;Benzine;BG 85 Blasgerät;BG 85;;RUNTIME_REPO_MATCH_REQUIRED
"Motorzaag / Benzine MS 260 C-B .325"" P Motorsäge";2;Motorzaag;Benzine;"MS 260 C-B .325"" P Motorsäge";MS 260 C-B;;RUNTIME_REPO_MATCH_REQUIRED
Combimotor / Benzine KM 55 R KombiMotor;2;Combimotor;Benzine;KM 55 R KombiMotor;KM 55 R KombiMotor;;RUNTIME_REPO_MATCH_REQUIRED
"Motorzaag / Elektrisch MSE 140 C-BQ 3/8""P Elektro-Motorsäge";2;Motorzaag;Elektrisch;"MSE 140 C-BQ 3/8""P Elektro-Motorsäge";MSE 140 C-BQ;;RUNTIME_REPO_MATCH_REQUIRED
"Motorzaag / Benzine MS 660-Z 3/8"" R Magnum Motorsäge";2;Motorzaag;Benzine;"MS 660-Z 3/8"" R Magnum Motorsäge";MS 660;;RUNTIME_REPO_MATCH_REQUIRED
"Motorzaag / Benzine MS 460 3/8"" R Motorsäge";2;Motorzaag;Benzine;"MS 460 3/8"" R Motorsäge";MS 460;;RUNTIME_REPO_MATCH_REQUIRED
"Motorzaag / Benzine MS 230 .325"" P Motorsäge";2;Motorzaag;Benzine;"MS 230 .325"" P Motorsäge";MS 230;;RUNTIME_REPO_MATCH_REQUIRED
"Motorzaag / Benzine MS 250 C-BE 3/8""P Motorsäge";2;Motorzaag;Benzine;"MS 250 C-BE 3/8""P Motorsäge";MS 250 C-BE;;RUNTIME_REPO_MATCH_REQUIRED
"Motorzaag / Benzine MS 660 3/8"" R Motorsäge";2;Motorzaag;Benzine;"MS 660 3/8"" R Motorsäge";MS 660;;RUNTIME_REPO_MATCH_REQUIRED
"Motorzaag / Benzine MS 441 C-M Z 3/8"" Magnum Motorsäge";2;Motorzaag;Benzine;"MS 441 C-M Z 3/8"" Magnum Motorsäge";MS 441 C-M;;RUNTIME_REPO_MATCH_REQUIRED
"Heggenschaar / Benzine HS 56 C-E Heckenschere, 600mm/24""";2;Heggenschaar;Benzine;"HS 56 C-E Heckenschere, 600mm/24""";HS 56 C-E;;RUNTIME_REPO_MATCH_REQUIRED
"Motorzaag / Benzine MS 231 C-BE 3/8""P P Motorsäge";2;Motorzaag;Benzine;"MS 231 C-BE 3/8""P P Motorsäge";MS 231 C-BE;;RUNTIME_REPO_MATCH_REQUIRED
Bosmaaier / Benzine FS 360 C-E Freischneider;2;Bosmaaier;Benzine;FS 360 C-E Freischneider;FS 360 C-E;;RUNTIME_REPO_MATCH_REQUIRED
"Motorzaag / Benzine MS 201 T 3/8""P P Motorsäge";2;Motorzaag;Benzine;"MS 201 T 3/8""P P Motorsäge";MS 201 T;;RUNTIME_REPO_MATCH_REQUIRED
"Motorzaag / Benzine MS 391 3/8"" P Motorsäge";2;Motorzaag;Benzine;"MS 391 3/8"" P Motorsäge";MS 391;;RUNTIME_REPO_MATCH_REQUIRED
"Doorslijpmachine / Benzine TS 410-Z Trennschleifer, 300mm/12""";2;Doorslijpmachine;Benzine;"TS 410-Z Trennschleifer, 300mm/12""";TS 410;;RUNTIME_REPO_MATCH_REQUIRED
"Motorzaag / Benzine MS 201 T-Z 3/8""P Motorsäge";2;Motorzaag;Benzine;"MS 201 T-Z 3/8""P Motorsäge";MS 201 T-Z;;RUNTIME_REPO_MATCH_REQUIRED
Bosmaaier / Benzine FS 240 C-E Freischneider;2;Bosmaaier;Benzine;FS 240 C-E Freischneider;FS 240 C-E;;RUNTIME_REPO_MATCH_REQUIRED
"Doorslijpmachine / Benzine TS 500i, K-ME Ø 350mm/14""";2;Doorslijpmachine;Benzine;"TS 500i, K-ME Ø 350mm/14""";TS;;RUNTIME_REPO_MATCH_REQUIRED
"Motorzaag / Benzine MS 150 TC-E 1/4""P P Motorsäge";2;Motorzaag;Benzine;"MS 150 TC-E 1/4""P P Motorsäge";MS 150 TC-E;;RUNTIME_REPO_MATCH_REQUIRED
"Motorzaag / Benzine MS 391-Z 3/8"" P Motorsäge";2;Motorzaag;Benzine;"MS 391-Z 3/8"" P Motorsäge";MS 391;;RUNTIME_REPO_MATCH_REQUIRED
"Motorzaag / Benzine MS 362 3/8"" R Motorsäge";2;Motorzaag;Benzine;"MS 362 3/8"" R Motorsäge";MS 362;;RUNTIME_REPO_MATCH_REQUIRED
"Heggenschaar / Benzine HS 82 R, Schnittlänge 60 cm/30""";2;Heggenschaar;Benzine;"HS 82 R, Schnittlänge 60 cm/30""";HS 82 R;;RUNTIME_REPO_MATCH_REQUIRED
"Motorzaag / Benzine MS 241 C-M 3/8""P P Motorsäge";2;Motorzaag;Benzine;"MS 241 C-M 3/8""P P Motorsäge";MS 241 C-M;;RUNTIME_REPO_MATCH_REQUIRED
"Motorzaag / Benzine MS 251 C-BE, .325""";2;Motorzaag;Benzine;"MS 251 C-BE, .325""";MS 251 C-BE;;RUNTIME_REPO_MATCH_REQUIRED
"Motorzaag / Benzine MS 201 TC-M 3/8""P P Motorsäge";2;Motorzaag;Benzine;"MS 201 TC-M 3/8""P P Motorsäge";MS 201 TC-M;;RUNTIME_REPO_MATCH_REQUIRED
"Motorzaag / Benzine MS 661 C-M 3/8"" R Motorsäge";2;Motorzaag;Benzine;"MS 661 C-M 3/8"" R Motorsäge";MS 661 C-M;;RUNTIME_REPO_MATCH_REQUIRED
Bosmaaier / Benzine FS 410 C-EM Freischneider;2;Bosmaaier;Benzine;FS 410 C-EM Freischneider;FS 410 C-EM;;RUNTIME_REPO_MATCH_REQUIRED
"Motorzaag / Benzine MS 461-Z 3/8"" RIM Magnum Motorsäge";2;Motorzaag;Benzine;"MS 461-Z 3/8"" RIM Magnum Motorsäge";MS 461;;RUNTIME_REPO_MATCH_REQUIRED
"Doorslijpmachine / Benzine TS 410 Trennschleifer, 300mm/12""";2;Doorslijpmachine;Benzine;"TS 410 Trennschleifer, 300mm/12""";TS 410;;RUNTIME_REPO_MATCH_REQUIRED
"Motorzaag / Benzine MS 201 C-M 3/8""P P Motorsäge";2;Motorzaag;Benzine;"MS 201 C-M 3/8""P P Motorsäge";MS 201 C-M;;RUNTIME_REPO_MATCH_REQUIRED
Zuighakselaar / Benzine SH 56;2;Zuighakselaar;Benzine;SH 56;SH 56;;RUNTIME_REPO_MATCH_REQUIRED
Bladblazer / Benzine BG 56;2;Bladblazer;Benzine;BG 56;BG 56;;RUNTIME_REPO_MATCH_REQUIRED
Doorslijpmachine / Benzine TS 700;2;Doorslijpmachine;Benzine;TS 700;TS 700;;RUNTIME_REPO_MATCH_REQUIRED
Zuighakselaar / Benzine SH 56 C-E SaugHäcksler;2;Zuighakselaar;Benzine;SH 56 C-E SaugHäcksler;SH 56 C-E;;RUNTIME_REPO_MATCH_REQUIRED
Bladblazer / Benzine BG 86 C-E Blasgerät;2;Bladblazer;Benzine;BG 86 C-E Blasgerät;BG 86 C-E;;RUNTIME_REPO_MATCH_REQUIRED
"Motorzaag / Benzine MS 311, 3/8""";2;Motorzaag;Benzine;"MS 311, 3/8""";MS 311;;RUNTIME_REPO_MATCH_REQUIRED
"Motorzaag / Benzine MS 201 TC-M Z 3/8""P Motorsäge";2;Motorzaag;Benzine;"MS 201 TC-M Z 3/8""P Motorsäge";MS 201 TC-M;;RUNTIME_REPO_MATCH_REQUIRED
"Motorzaag / Benzine MS 201 TC-M 3/8""P Motorsäge";2;Motorzaag;Benzine;"MS 201 TC-M 3/8""P Motorsäge";MS 201 TC-M;;RUNTIME_REPO_MATCH_REQUIRED
Bosmaaier / Benzine FS 55 RC-E Z Motorsense;1;Bosmaaier;Benzine;FS 55 RC-E Z Motorsense;FS 55 RC-E;;RUNTIME_REPO_MATCH_REQUIRED
Motorzaag / Benzine 038 M STIHL Motorsäge;1;Motorzaag;Benzine;038 M STIHL Motorsäge;038 M;;RUNTIME_REPO_MATCH_REQUIRED
"Motorzaag / Benzine 090 R .404""7Z-P-STIHL Motorsäge";1;Motorzaag;Benzine;"090 R .404""7Z-P-STIHL Motorsäge";090;;RUNTIME_REPO_MATCH_REQUIRED
Gereedschappen HOS Schärfgerät;1;;;Gereedschappen HOS Schärfgerät;;;RUNTIME_REPO_MATCH_REQUIRED
Algemeen gemotoriseerd MEAN TS350 S Ersatzmotor;1;;;Algemeen gemotoriseerd MEAN TS350 S Ersatzmotor;;;RUNTIME_REPO_MATCH_REQUIRED
"Motorzaag / Benzine MS 260-W .325"" P Motorsäge";1;Motorzaag;Benzine;"MS 260-W .325"" P Motorsäge";MS;;RUNTIME_REPO_MATCH_REQUIRED
"Hoogsnoeier / Benzine HT 75 3/8""P P Hoch-Entaster";1;Hoogsnoeier;Benzine;"HT 75 3/8""P P Hoch-Entaster";HT 75;;RUNTIME_REPO_MATCH_REQUIRED
"Toebehoren / Benzine HS 246 600mm/24"" Heckenschere";1;Toebehoren;Benzine;"HS 246 600mm/24"" Heckenschere";HS 246;;RUNTIME_REPO_MATCH_REQUIRED
"Motorzaag / Benzine MS 230 C-BE .325"" P Motorsäge";1;Motorzaag;Benzine;"MS 230 C-BE .325"" P Motorsäge";MS 230 C-BE;;RUNTIME_REPO_MATCH_REQUIRED
"Heggenschaar / Benzine HS 75 Heckenschere,600mm/24""";1;Heggenschaar;Benzine;"HS 75 Heckenschere,600mm/24""";HS 75;;RUNTIME_REPO_MATCH_REQUIRED
"Heggenschaar / Benzine HS 80 Heckenschere,600mm/24""";1;Heggenschaar;Benzine;"HS 80 Heckenschere,600mm/24""";HS 80;;RUNTIME_REPO_MATCH_REQUIRED
Bosmaaier / Benzine FS 480-K Freischneider;1;Bosmaaier;Benzine;FS 480-K Freischneider;FS;;RUNTIME_REPO_MATCH_REQUIRED
"Doorslijpmachine / Benzine TS 700-Z Trennschleifer, 350mm/14""";1;Doorslijpmachine;Benzine;"TS 700-Z Trennschleifer, 350mm/14""";TS 700;;RUNTIME_REPO_MATCH_REQUIRED
Bosmaaier / Benzine FS 55 RC-E Motorsense;1;Bosmaaier;Benzine;FS 55 RC-E Motorsense;FS 55 RC-E;;RUNTIME_REPO_MATCH_REQUIRED
"Motorzaag / Benzine MS 660-RVWZ 3/8"" RIM Mag Arctic";1;Motorzaag;Benzine;"MS 660-RVWZ 3/8"" RIM Mag Arctic";MS;;RUNTIME_REPO_MATCH_REQUIRED
"Hoogsnoeier / Benzine HT 75-Z 3/8""P P Hoch-Entaster";1;Hoogsnoeier;Benzine;"HT 75-Z 3/8""P P Hoch-Entaster";HT 75;;RUNTIME_REPO_MATCH_REQUIRED
"Motorzaag / Benzine MS 070 AV .404"" P Motorsäge";1;Motorzaag;Benzine;"MS 070 AV .404"" P Motorsäge";MS 070 AV;;RUNTIME_REPO_MATCH_REQUIRED
Bosmaaier / Benzine FS 250 Motorsense;1;Bosmaaier;Benzine;FS 250 Motorsense;FS 250;;RUNTIME_REPO_MATCH_REQUIRED
"Motorzaag / Benzine MS 250 C-BE .325"" P Motorsäge";1;Motorzaag;Benzine;"MS 250 C-BE .325"" P Motorsäge";MS 250 C-BE;;RUNTIME_REPO_MATCH_REQUIRED
"Motorzaag / Benzine MS 460-RZ 3/8"" RIM Mag Rescue Motorsäge";1;Motorzaag;Benzine;"MS 460-RZ 3/8"" RIM Mag Rescue Motorsäge";MS;;RUNTIME_REPO_MATCH_REQUIRED
Bladblazer / Benzine BG 55 Blasgerät;1;Bladblazer;Benzine;BG 55 Blasgerät;BG 55;;RUNTIME_REPO_MATCH_REQUIRED
"Motorzaag / Benzine MS 650 3/8"" R Motorsäge";1;Motorzaag;Benzine;"MS 650 3/8"" R Motorsäge";MS 650;;RUNTIME_REPO_MATCH_REQUIRED
"Heggenschaar / Benzine HS 75 Heckenschere,500mm/20""";1;Heggenschaar;Benzine;"HS 75 Heckenschere,500mm/20""";HS 75;;RUNTIME_REPO_MATCH_REQUIRED
Bosmaaier / Benzine FS 55 C-E Motorsense;1;Bosmaaier;Benzine;FS 55 C-E Motorsense;FS 55 C-E;;RUNTIME_REPO_MATCH_REQUIRED
Bosmaaier / Benzine FS 550 Freischneider;1;Bosmaaier;Benzine;FS 550 Freischneider;FS 550;;RUNTIME_REPO_MATCH_REQUIRED
"Motorzaag / Elektrisch MSE 160 C-Q 3/8""P Elektro-Motorsäge";1;Motorzaag;Elektrisch;"MSE 160 C-Q 3/8""P Elektro-Motorsäge";MSE 160 C-Q;;RUNTIME_REPO_MATCH_REQUIRED
"Heggenschaar / Benzine HS 86 R Heckenschere, 750mm/30""";1;Heggenschaar;Benzine;"HS 86 R Heckenschere, 750mm/30""";HS 86 R;;RUNTIME_REPO_MATCH_REQUIRED
Heggenschaar / Benzine HL 75 K Heckenschneider;1;Heggenschaar;Benzine;HL 75 K Heckenschneider;HL 75 K Heckenschneider;;RUNTIME_REPO_MATCH_REQUIRED
Bosmaaier / Benzine FS 480-KZ Freischneider;1;Bosmaaier;Benzine;FS 480-KZ Freischneider;FS;;RUNTIME_REPO_MATCH_REQUIRED
"Motorzaag / Benzine MS 390-Z 3/8"" P FarmBoss Motorsäge";1;Motorzaag;Benzine;"MS 390-Z 3/8"" P FarmBoss Motorsäge";MS 390;;RUNTIME_REPO_MATCH_REQUIRED
"Motorzaag / Benzine MS 260 .325"" R Motorsäge";1;Motorzaag;Benzine;"MS 260 .325"" R Motorsäge";MS 260;;RUNTIME_REPO_MATCH_REQUIRED
Grondboren / Benzine BT 360 Bohrgerät;1;Grondboren;Benzine;BT 360 Bohrgerät;BT 360;;RUNTIME_REPO_MATCH_REQUIRED
"Motorzaag / Benzine MS 660 3/8""P P Motorsäge";1;Motorzaag;Benzine;"MS 660 3/8""P P Motorsäge";MS 660;;RUNTIME_REPO_MATCH_REQUIRED
"Motorzaag / Benzine MS 460-Z 3/8"" R Magnum Motorsäge";1;Motorzaag;Benzine;"MS 460-Z 3/8"" R Magnum Motorsäge";MS 460;;RUNTIME_REPO_MATCH_REQUIRED
"Motorzaag / Benzine MS 250 C-BE .325"" SPUR Motorsäge";1;Motorzaag;Benzine;"MS 250 C-BE .325"" SPUR Motorsäge";MS 250 C-BE;;RUNTIME_REPO_MATCH_REQUIRED
"Motorzaag / Benzine MS 230 C-BE 3/8""P P Motorsäge";1;Motorzaag;Benzine;"MS 230 C-BE 3/8""P P Motorsäge";MS 230 C-BE;;RUNTIME_REPO_MATCH_REQUIRED
Bosmaaier / Benzine FR 450 Freischneider rückentragbar;1;Bosmaaier;Benzine;FR 450 Freischneider rückentragbar;FR 450;;RUNTIME_REPO_MATCH_REQUIRED
"Motorzaag / Benzine MS 250 3/8""P P Motorsäge";1;Motorzaag;Benzine;"MS 250 3/8""P P Motorsäge";MS 250;;RUNTIME_REPO_MATCH_REQUIRED
"Motorzaag / Benzine MS 230-Z .325"" SPUR Motorsäge";1;Motorzaag;Benzine;"MS 230-Z .325"" SPUR Motorsäge";MS 230;;RUNTIME_REPO_MATCH_REQUIRED
"Motorzaag / Benzine MS 660-Z 3/8"" RIM Magnum Motorsäge";1;Motorzaag;Benzine;"MS 660-Z 3/8"" RIM Magnum Motorsäge";MS 660;;RUNTIME_REPO_MATCH_REQUIRED
"Motorzaag / Benzine MS 650 3/8"" R Magnum Motorsäge";1;Motorzaag;Benzine;"MS 650 3/8"" R Magnum Motorsäge";MS 650;;RUNTIME_REPO_MATCH_REQUIRED
"Motorzaag / Elektrisch MSE 160 C-BQ 3/8""P Elektro-Motorsäge";1;Motorzaag;Elektrisch;"MSE 160 C-BQ 3/8""P Elektro-Motorsäge";MSE 160 C-BQ;;RUNTIME_REPO_MATCH_REQUIRED
"Motorzaag / Benzine MS 201 T-Z 3/8""P P Motorsäge";1;Motorzaag;Benzine;"MS 201 T-Z 3/8""P P Motorsäge";MS 201 T-Z;;RUNTIME_REPO_MATCH_REQUIRED
"Motorzaag / Benzine MS 231 C-BE .325"" P Motorsäge";1;Motorzaag;Benzine;"MS 231 C-BE .325"" P Motorsäge";MS 231 C-BE;;RUNTIME_REPO_MATCH_REQUIRED
"Motorzaag / Benzine MS 250 C-BE Z .325"" SPUR Motorsäge";1;Motorzaag;Benzine;"MS 250 C-BE Z .325"" SPUR Motorsäge";MS 250 C-BE;;RUNTIME_REPO_MATCH_REQUIRED
"Heggenschaar / Benzine HS 46 Heckenschere, 450mm/18""";1;Heggenschaar;Benzine;"HS 46 Heckenschere, 450mm/18""";HS 46;;RUNTIME_REPO_MATCH_REQUIRED
"Motorzaag / Benzine MS 150 C-E 1/4""P P Motorsäge";1;Motorzaag;Benzine;"MS 150 C-E 1/4""P P Motorsäge";MS 150 C-E;;RUNTIME_REPO_MATCH_REQUIRED
"Motorzaag / Benzine MS 440-N 3/8"" R Motorsäge";1;Motorzaag;Benzine;"MS 440-N 3/8"" R Motorsäge";MS;;RUNTIME_REPO_MATCH_REQUIRED
"Motorzaag / Benzine MS 461-VW 3/8"" R Motorsäge";1;Motorzaag;Benzine;"MS 461-VW 3/8"" R Motorsäge";MS;;RUNTIME_REPO_MATCH_REQUIRED
Grondboren / Benzine BT 121 Bohrgerät;1;Grondboren;Benzine;BT 121 Bohrgerät;BT 121;;RUNTIME_REPO_MATCH_REQUIRED
"Motorzaag / Benzine MS 230 3/8""P SPUR Motorsäge";1;Motorzaag;Benzine;"MS 230 3/8""P SPUR Motorsäge";MS 230;;RUNTIME_REPO_MATCH_REQUIRED
"Motorzaag / Benzine MS 660-N 3/8"" R Motorsäge";1;Motorzaag;Benzine;"MS 660-N 3/8"" R Motorsäge";MS;;RUNTIME_REPO_MATCH_REQUIRED
"Motorzaag / Benzine MS 362 C-M 3/8"" R Motorsäge";1;Motorzaag;Benzine;"MS 362 C-M 3/8"" R Motorsäge";MS 362 C-M;;RUNTIME_REPO_MATCH_REQUIRED
"Motorzaag / Benzine MS 291 .325"" P Motorsäge";1;Motorzaag;Benzine;"MS 291 .325"" P Motorsäge";MS 291;;RUNTIME_REPO_MATCH_REQUIRED
"Motorzaag / Elektrisch MSE 170 C-Q 3/8""P P Elektro-Motorsäge";1;Motorzaag;Elektrisch;"MSE 170 C-Q 3/8""P P Elektro-Motorsäge";MSE 170 C-Q;;RUNTIME_REPO_MATCH_REQUIRED
Bosmaaier / Benzine FS 240-Z Freischneider;1;Bosmaaier;Benzine;FS 240-Z Freischneider;FS 240;;RUNTIME_REPO_MATCH_REQUIRED
"Motorzaag / Benzine MS 251 C-BE 3/8""P P Motorsäge";1;Motorzaag;Benzine;"MS 251 C-BE 3/8""P P Motorsäge";MS 251 C-BE;;RUNTIME_REPO_MATCH_REQUIRED
"Motorzaag / Benzine MS 291, 3/8""";1;Motorzaag;Benzine;"MS 291, 3/8""";MS 291;;RUNTIME_REPO_MATCH_REQUIRED
Bosmaaier / Benzine FS 260 Freischneider;1;Bosmaaier;Benzine;FS 260 Freischneider;FS 260;;RUNTIME_REPO_MATCH_REQUIRED
"Motorzaag / Elektrisch MSE 170 C-BQ 3/8""P P Elektro-Motorsäge";1;Motorzaag;Elektrisch;"MSE 170 C-BQ 3/8""P P Elektro-Motorsäge";MSE 170 C-BQ;;RUNTIME_REPO_MATCH_REQUIRED
"Motorzaag / Elektrisch MSE 190 C-B 3/8""P P Elektro-Motorsäge";1;Motorzaag;Elektrisch;"MSE 190 C-B 3/8""P P Elektro-Motorsäge";MSE 190 C-B;;RUNTIME_REPO_MATCH_REQUIRED
"Heggenschaar / Benzine HS 82 R, Schnittlänge 75 cm/30""";1;Heggenschaar;Benzine;"HS 82 R, Schnittlänge 75 cm/30""";HS 82 R;;RUNTIME_REPO_MATCH_REQUIRED
"Doorslijpmachine / Benzine TS 700 Trennschleifer, 350mm/14""";1;Doorslijpmachine;Benzine;"TS 700 Trennschleifer, 350mm/14""";TS 700;;RUNTIME_REPO_MATCH_REQUIRED
Bosmaaier / Benzine FS 260 RC-E Freischneider;1;Bosmaaier;Benzine;FS 260 RC-E Freischneider;FS 260 RC-E;;RUNTIME_REPO_MATCH_REQUIRED
"Doorslijpmachine / Benzine TS 500i, K-BA Ø 350mm/14""";1;Doorslijpmachine;Benzine;"TS 500i, K-BA Ø 350mm/14""";TS;;RUNTIME_REPO_MATCH_REQUIRED
Bosmaaier / Benzine FS 490 C-EM K Freischneider;1;Bosmaaier;Benzine;FS 490 C-EM K Freischneider;FS 490 C-EM K;;RUNTIME_REPO_MATCH_REQUIRED
Bosmaaier / Benzine FS 360 C-EM Freischneider;1;Bosmaaier;Benzine;FS 360 C-EM Freischneider;FS 360 C-EM;;RUNTIME_REPO_MATCH_REQUIRED
"Motorzaag / Benzine MS 231, .325""";1;Motorzaag;Benzine;"MS 231, .325""";MS 231;;RUNTIME_REPO_MATCH_REQUIRED
Bosmaaier / Benzine FR 460 TC-EFM Motorsense rückentragbar;1;Bosmaaier;Benzine;FR 460 TC-EFM Motorsense rückentragbar;FR 460 TC-EFM;;RUNTIME_REPO_MATCH_REQUIRED
"Heggenschaar / Benzine HS 82 T-Z Heckenschere, 600mm/24""";1;Heggenschaar;Benzine;"HS 82 T-Z Heckenschere, 600mm/24""";HS 82 T-Z;;RUNTIME_REPO_MATCH_REQUIRED
Algemeen gemotoriseerd / Benzine FS 560 C-EM Z Anbaumotor;1;Algemeen gemotoriseerd;Benzine;FS 560 C-EM Z Anbaumotor;FS 560 C-EM Anbaumotor;;RUNTIME_REPO_MATCH_REQUIRED
"Motorzaag / Benzine MS 201 C-EM Z 3/8""P Motorsäge";1;Motorzaag;Benzine;"MS 201 C-EM Z 3/8""P Motorsäge";MS 201 C-EM;;RUNTIME_REPO_MATCH_REQUIRED
"Motorzaag / Benzine MS 150 TC-E Z 1/4""P SPUR Motorsäge";1;Motorzaag;Benzine;"MS 150 TC-E Z 1/4""P SPUR Motorsäge";MS 150 TC-E;;RUNTIME_REPO_MATCH_REQUIRED
Zuighakselaar / Benzine SH 86 C-E SaugHäcksler;1;Zuighakselaar;Benzine;SH 86 C-E SaugHäcksler;SH 86 C-E;;RUNTIME_REPO_MATCH_REQUIRED
Bosmaaier / Benzine FR 450 Motorsense rückentragbar;1;Bosmaaier;Benzine;FR 450 Motorsense rückentragbar;FR 450;;RUNTIME_REPO_MATCH_REQUIRED
"Motorzaag / Elektrisch MSE 230 C-BQ 3/8""P P Elektro-Motorsäge";1;Motorzaag;Elektrisch;"MSE 230 C-BQ 3/8""P P Elektro-Motorsäge";MSE 230 C-BQ;;RUNTIME_REPO_MATCH_REQUIRED
"Motorzaag / Benzine MS 462 C-M 3/8"" R";1;Motorzaag;Benzine;"MS 462 C-M 3/8"" R";MS 462 C-M;;RUNTIME_REPO_MATCH_REQUIRED
Bladblazer / Benzine BG 56 C-E Blasgerät;1;Bladblazer;Benzine;BG 56 C-E Blasgerät;BG 56 C-E;;RUNTIME_REPO_MATCH_REQUIRED
"Motorzaag / Benzine MS 251 C-BE Z .325"" SPUR WoodBoss";1;Motorzaag;Benzine;"MS 251 C-BE Z .325"" SPUR WoodBoss";MS 251 C-BE;;RUNTIME_REPO_MATCH_REQUIRED
"Heggenschaar / Benzine HS 87 R, Heckenschere, 750mm/30""";1;Heggenschaar;Benzine;"HS 87 R, Heckenschere, 750mm/30""";HS 87 R;;RUNTIME_REPO_MATCH_REQUIRED
"Motorzaag / Elektrisch MSE 190 C-Q 3/8""P P Elektro-Motorsäge";1;Motorzaag;Elektrisch;"MSE 190 C-Q 3/8""P P Elektro-Motorsäge";MSE 190 C-Q;;RUNTIME_REPO_MATCH_REQUIRED
"Motorzaag / Benzine MS 362 3/8"" Motorsäge";1;Motorzaag;Benzine;"MS 362 3/8"" Motorsäge";MS 362;;RUNTIME_REPO_MATCH_REQUIRED
"Motorzaag / Benzine MS 391, 3/8""";1;Motorzaag;Benzine;"MS 391, 3/8""";MS 391;;RUNTIME_REPO_MATCH_REQUIRED
"Heggenschaar / Benzine HS 82 R, Schnittlänge 60cm/24""";1;Heggenschaar;Benzine;"HS 82 R, Schnittlänge 60cm/24""";HS 82 R;;RUNTIME_REPO_MATCH_REQUIRED
"Heggenschaar / Benzine HS 87 T, Schnittlänge 75cm/30""";1;Heggenschaar;Benzine;"HS 87 T, Schnittlänge 75cm/30""";HS 87 T;;RUNTIME_REPO_MATCH_REQUIRED
"Heggenschaar / Benzine HS 82 T, Schnittlänge 60cm/24""";1;Heggenschaar;Benzine;"HS 82 T, Schnittlänge 60cm/24""";HS 82 T;;RUNTIME_REPO_MATCH_REQUIRED
Heggenschaar / Benzine HS 82 T, 60 cm;1;Heggenschaar;Benzine;HS 82 T, 60 cm;HS 82 T;;RUNTIME_REPO_MATCH_REQUIRED
"Motorzaag / Benzine MS 201 C-EM 3/8""P Motorsäge";1;Motorzaag;Benzine;"MS 201 C-EM 3/8""P Motorsäge";MS 201 C-EM;;RUNTIME_REPO_MATCH_REQUIRED
"Motorzaag / Benzine MS 362 C-M Z 3/8"" Motorsäge";1;Motorzaag;Benzine;"MS 362 C-M Z 3/8"" Motorsäge";MS 362 C-M;;RUNTIME_REPO_MATCH_REQUIRED
Algemeen gemotoriseerd / Benzine SP 482 Spezialernter;1;Algemeen gemotoriseerd;Benzine;SP 482 Spezialernter;SP 482 Spezialernter;;RUNTIME_REPO_MATCH_REQUIRED
"Motorzaag / Elektrisch MSE 210 C-BQ 3/8""P P Elektro-Motorsäge";1;Motorzaag;Elektrisch;"MSE 210 C-BQ 3/8""P P Elektro-Motorsäge";MSE 210 C-BQ;;RUNTIME_REPO_MATCH_REQUIRED
"Motorzaag / Benzine MS 311-Z 3/8"" Motorsäge";1;Motorzaag;Benzine;"MS 311-Z 3/8"" Motorsäge";MS 311;;RUNTIME_REPO_MATCH_REQUIRED
"Motorzaag / Benzine MS 261, .325""";1;Motorzaag;Benzine;"MS 261, .325""";MS 261;;RUNTIME_REPO_MATCH_REQUIRED
